lnTotalAssets,lnTobinQ,lnRDStock_TangFixedAssets,lnPatentStock_RDStock,lnCitesStock_PatentStock
11.78091,-2.571081,1.722523,0.8254584,2.29963
12.11086,-3.649447,0.5657726,-0.3596699,-2.322875
17.40719,-4.606658,-0.0428232,-4.045543,0.7057911
13.08657,-5.941545,2.385111,-2.998525,1.444362
13.02977,-4.532865,1.162768,1.997298,2.428047
14.53978,-4.536433,-0.7555647,2.464856,0.5670584
14.28389,-4.273433,-0.0578641,0.7267665,1.468445
14.73158,-6.715892,-0.8523137,-1.929265,0.5092151
14.58979,-4.796228,1.129047,0.035034,0.5301264
9.399555,-4.290344,3.493234,1.404208,0.7054046
12.71213,-3.328321,1.687946,1.465308,0.5273532
13.60489,-6.011437,-1.028303,-1.184109,0
16.98506,-6.703804,-0.5003566,-2.144948,1.419091
13.91159,-4.393049,0.5906559,-1.770826,-0.0548083
16.37743,-6.295296,-1.04183,-1.493917,1.250521
17.10629,-5.988432,-0.8245198,-3.175735,-0.0533215
12.62727,-5.618041,2.259455,-0.6579468,-2.879097
12.99431,-6.858198,-0.6653875,-1.064427,0.7467107
14.43065,-5.632783,1.636063,-0.7964794,1.039062
15.45313,-6.710398,0.4285574,-0.7451365,0.1299898
17.55555,-5.790664,0.1324192,-5.192662,0.0101524
15.51054,-6.151037,-1.475027,-1.691138,1.279693
16.2778,-6.232219,-3.122872,-2.117065,0
13.16456,-4.813566,1.047273,0.4902046,0.9004623
12.59251,-5.768737,-1.504456,2.501993,-0.3654345
12.98865,-4.106041,1.343208,2.148758,2.451911
13.99274,-4.833589,1.025675,-2.322728,0.0859025
12.97977,-6.823456,-1.201982,-0.9393627,-0.2058521
18.57229,-3.032471,-0.2485132,1.148978,2.69981
12.50266,-4.49701,2.605884,0.9384143,2.171859
12.45065,-4.330575,0.637909,1.543144,0.77394
13.31907,-6.926555,-0.0478153,-1.977518,-0.8885722
15.67822,-6.259792,-0.7652146,-1.488079,0.5053954
16.89088,-6.989912,-1.815328,-1.415706,2.282006
12.61418,-5.636315,-0.5861983,-0.4422085,1.625698
13.3644,-6.41045,-0.8857006,0.525482,-1.182336
12.90255,-7.249745,-0.8551418,-0.6092331,0.6658636
13.44854,-6.753809,0.4203416,-3.021747,0
14.32259,-5.109323,0.5991783,-1.766542,1.517687
15.97054,-4.007013,0.7325196,-2.032723,0.8935322
12.8987,-1.426089,3.463455,-0.0580103,0.9442871
16.59186,-4.762809,1.321444,-4.149484,0.526015
11.11337,-5.234428,0.6554608,-0.8890841,-0.0811805
17.53247,-5.546732,0.1412654,-4.649423,0.6353492
14.98731,-2.550173,3.113142,-0.4274122,1.608873
14.71892,-4.654754,-0.4161415,1.012869,2.016405
14.77731,-5.219465,0.3376862,-1.84582,0.8773401
17.44267,-5.696347,0.9391618,-4.844237,0.1347656
13.8128,-6.844113,-2.17942,1.83235,-3.402272
18.19004,-5.890572,-0.9628062,-1.00451,0.2651497
18.04756,-5.520514,0.2339941,-5.458154,0.3904984
18.79599,-5.941476,-0.396224,-2.545085,4.989932
15.73412,-4.210513,-0.0824389,-2.575828,2.985952
14.81104,-4.729783,-0.0402894,-1.408606,0.3875927
8.508152,-5.241747,0.9244795,-0.2820731,-0.4895486
14.47653,-5.08287,0.653071,-0.1795809,-1.877696
16.3708,-5.848043,0.1896601,-0.7449248,3.928443
13.66596,-6.323409,-2.260171,-1.009925,0
17.31898,-6.521069,-1.071853,-2.027531,2.088412
14.32607,-5.767416,-0.9671335,2.259328,1.923463
15.31573,-5.376677,0.6378337,0.561117,1.409117
14.38155,-4.529237,2.049967,0.7156485,2.839276
15.14692,-6.688509,-0.0708113,-1.071104,0.3871225
13.92578,-5.913446,-1.061923,-0.1075289,2.17707
17.70552,-5.533059,0.0713544,-0.321766,1.965954
12.19014,-6.064697,0.5839731,-1.603215,0
10.75274,-2.311691,3.847322,-0.315612,-0.287884
13.97369,-3.635564,2.087168,-2.175908,1.455483
15.39269,-6.017968,0.1486912,-0.1341574,1.935244
14.74803,-6.869172,-1.082858,-1.095293,-0.5549523
10.1023,-3.685526,2.722354,2.040407,0
15.64603,-4.772088,0.8615751,-3.220214,0.5615265
13.20755,-3.782055,1.306644,2.673886,1.353163
18.28251,-3.797332,1.823434,-5.106305,2.051428
15.19517,-5.87935,-0.2491517,-0.7472651,-0.0516971
16.24402,-7.593822,-3.054286,-0.8912222,-0.828553
13.67414,-6.003633,-0.7018091,-0.9280893,0.7737657
14.03727,-5.86507,-2.245343,2.135098,1.051173
13.58712,-2.831789,1.565954,-0.8647663,1.352636
13.15271,-5.274664,-1.403506,0.9171579,0.5933468
12.97777,-1.426524,2.761193,2.705349,2.913773
16.24989,-5.548248,-1.995913,-2.094238,0.4913794
17.30006,-6.488836,-0.2063908,-4.46782,2.396375
14.71026,-5.018476,-0.5349874,2.360079,2.535968
13.6049,-4.812729,1.055339,1.830746,3.171369
16.8035,-6.932707,-1.538717,-0.9701083,0.7204667
15.41387,-6.642488,-1.171492,-0.7362129,-0.1496971
13.81148,-6.501317,-1.857574,0.3124187,-2.459771
14.49123,-6.347,-0.0822858,-1.143354,0.8871204
14.05515,-6.428511,-0.9972903,0.5096253,0
16.69506,-5.371294,1.128666,-5.561498,0.5828061
16.42729,-5.772193,-0.6428048,-0.8902103,1.337751
19.01727,-6.982177,-0.7079431,-2.78849,2.140018
14.39056,-7.009544,-1.235773,-0.8618767,0.0571585
12.7003,-5.055092,0.214469,1.45413,0.7876207
13.95196,-3.431896,-0.9532203,3.189572,1.663598
15.39167,-7.090506,-1.714167,-0.9531214,0.1567364
17.52086,-5.807554,0.3058087,-0.8583423,0.9678602
18.95642,-7.087408,-3.792369,-3.056293,0.4749996
14.3313,-5.828689,-0.5743474,-0.0840446,1.587592
13.26091,-7.368403,-0.7601339,-0.9892151,-0.1840037
14.36137,-4.52843,-0.6786603,1.834512,2.693826
14.21195,-8.244523,-1.63318,-0.1954968,0
16.02863,-6.425903,-1.693567,-0.1177895,-1.211552
15.22452,-6.391846,-1.784689,-1.056922,-1.53613
14.7874,-6.485078,0.8520933,-4.198205,0
14.03409,-6.442291,-2.638376,1.106885,0.6776941
15.62539,-6.559509,-0.8775268,0.6286963,-0.410715
16.34811,-5.028267,1.335386,-5.245759,1.378574
15.51862,-4.644135,2.328613,-3.582662,2.266817
11.60344,-4.244864,1.80606,0.7022179,-0.7257533
13.03019,-6.10134,0.0830526,-0.3827527,-0.8745865
15.75703,-4.359535,-0.2574453,-1.665783,1.408862
12.45487,-4.245399,2.067492,-1.660756,0
12.59707,-4.413112,1.718484,0.7104968,0.839107
14.49751,-6.329539,-1.377313,-1.695669,-1.496295
12.68341,-5.127367,1.415736,0.4628837,0
12.50977,-4.944258,1.852998,1.85718,2.263798
14.26566,-2.12446,2.215646,0.2412908,2.665721
13.93726,-3.66787,2.290042,0.623287,3.324022
16.31578,-4.063807,-1.194887,0.4712169,0.7134639
13.47193,-6.981031,-1.640203,-1.230554,-0.6042
12.7908,-6.293585,-1.561061,-0.9349682,0
10.7225,-4.673013,2.476655,-0.4629709,-0.1466035
13.69351,-3.910473,1.05885,3.646796,0.7421481
10.36031,-5.854094,2.09717,3.206167,2.78288
13.57281,-6.16528,-0.6011156,-2.38078,-0.0241849
13.62861,-4.97497,-1.519041,-0.0176527,0
16.08694,-6.910777,-0.4504384,-2.196018,0.5047448
16.4754,-6.706645,-0.916963,-2.317964,0.9452603
12.17998,-7.556334,-0.7398552,-0.1615364,0
17.29938,-6.314172,0.2667351,-3.02851,2.546607
15.57393,-7.285198,-1.029313,0.1554926,0.8954161
13.23958,-6.074363,-0.3761042,3.018797,0
12.80252,-8.546941,-0.1496601,1.135032,2.532575
13.5556,-6.720721,0.6331535,-2.053117,0
14.18594,-6.05524,0.1104165,-2.026759,2.16564
17.40947,-6.554638,0.8113275,-0.8499539,1.384976
12.45672,-5.45366,-0.2702541,0.0268057,-1.124285
14.6625,-5.481536,1.365898,0.7251766,0.9948811
16.11284,-7.449977,-1.217797,-1.444894,0.7848378
13.70034,-6.534672,0.6230521,-0.5072634,0.7192645
14.36007,-6.493535,-0.7194234,-0.9718754,0
16.74267,-4.88116,-1.200857,-0.7176105,0.565373
15.81223,-5.068349,-0.0890698,-3.408746,0
13.31646,-6.95402,-0.9550418,0.8193853,1.543233
13.52497,-6.964502,0.3158464,-3.209625,0.5158549
14.9063,-6.043297,-1.429436,0.6541728,1.791195
11.87142,-4.683685,0.9720474,-0.8722593,2.161506
14.49446,-7.167248,-2.037151,-2.576713,0
14.56466,-5.228069,-0.3681783,0.429569,1.393433
14.75306,-5.567939,-1.087584,0.3889501,0.6917289
14.93343,-4.994837,1.26149,-0.0319216,1.819424
12.92933,-4.280743,0.0034247,0.401388,0.3825639
15.63566,-5.014897,0.1762043,1.519274,3.469456
15.13859,-7.45193,0.6075688,-1.454163,1.258738
13.49838,-7.779962,-1.388885,-0.2940743,-1.438675
14.95631,-4.241528,-0.1590155,-0.4290124,0.9290321
14.68436,-4.829582,-0.0163645,-2.162552,3.882382
15.46396,-5.949587,-0.0741386,-0.8317482,-0.5201871
16.24562,-6.328316,-1.365311,-0.8360693,2.0319
15.4192,-5.268529,0.5731564,-0.0914872,1.227573
14.32686,-5.314231,-0.3290625,1.271904,0.7402437
14.4043,-5.557429,1.047916,-1.150663,2.254103
18.5205,-6.771406,-1.362103,0.08893,1.478699
15.66774,-6.200802,-1.561342,-1.237188,0.5624792
13.06953,-6.95058,-0.8457116,-1.622824,-0.4038052
18.75135,-5.811984,0.0898343,-1.428188,1.80591
11.55261,-5.877061,0.883195,1.150647,2.159801
12.37978,-7.119224,-1.201906,-0.8166887,0
14.33762,-5.397593,0.4259959,-0.9137471,0.1362345
14.44735,-5.915084,-0.411107,1.646021,0.683109
15.75579,-4.976009,-0.6039914,-0.3373396,0.8620461
13.54105,-5.266079,-0.381276,-1.26605,0
16.14863,-7.827616,-2.387706,-2.985734,0
16.53692,-4.548364,-1.43827,-1.208101,0.6254143
18.4604,-6.437295,-2.065529,-1.877059,0.3152004
15.3805,-6.289261,-1.378375,-0.3983204,2.61912
12.71096,-7.927623,-2.424474,2.319763,0
13.62249,-7.32557,-0.0998039,-0.7268479,0.6357148
17.22626,-7.995693,-2.77103,-0.4802372,2.607019
13.1839,-6.522356,-0.4163918,0.0271271,0
16.6114,-6.956043,-1.204581,-1.774092,1.35441
13.38041,-4.458278,-1.189994,4.728089,-5.021394
14.60208,-2.966143,1.371594,0.0430335,1.549974
15.8862,-5.404418,1.296863,-0.3250725,1.478155
13.68921,-5.640598,0.1203214,-0.9556791,-0.7307096
11.16799,-4.21098,0.0718332,0.8380774,1.111516
14.26609,-4.233767,2.139146,-2.327922,0
15.44671,-3.676703,1.470335,-0.1779682,1.316434
12.72004,-6.249974,-1.225752,0.1279943,1.514189
12.71353,-3.582653,1.385181,2.067403,3.081779
16.40943,-6.366658,-0.7298412,-2.229287,0.6213476
8.973738,-3.580822,1.056798,1.325674,0
12.72161,-6.173491,1.14956,-2.508937,0.8266786
12.74814,-4.895183,0.6935635,0.9750565,0.6326228
15.76966,-6.099437,-2.271392,-0.5530751,3.563514
13.44813,-6.487823,-1.898687,0.9832619,0.3850648
13.28876,-7.520281,-1.799029,1.030432,-2.448539
14.07622,-6.436758,-0.292025,0.5108765,1.395389
12.72325,-5.327775,0.2349111,-1.599869,0
12.7902,-5.891499,-0.1732892,-1.223154,0
13.64201,-6.318112,0.1916582,1.009867,-1.403385
13.99555,-6.604242,0.4907013,-0.6863453,-0.1061814
15.54465,-4.565886,-1.346209,-2.136267,0
13.17966,-6.968739,-0.7113804,-0.4377081,-0.435911
15.47052,-5.193889,-1.024847,-1.563413,1.127193
13.88545,-6.769647,-1.54867,-1.244945,-0.745333
15.36276,-5.210434,0.0632936,-0.7454893,1.079365
16.13115,-6.73455,-0.9860515,-0.678057,0.7567561
14.97893,-7.68216,-1.389802,-1.295952,0.7595499
15.51571,-6.823261,-0.887994,-0.5125505,-0.17272
14.99812,-5.499102,-0.9272451,-0.9861414,0.1085213
16.60613,-6.456366,-0.649634,-1.014862,0.9439846
17.6323,-6.646265,-2.973456,-2.420209,1.725542
14.66068,-6.318697,-2.804011,2.20779,2.601894
16.29566,-5.196559,-1.289914,-0.96614,0.8562028
14.82874,-5.307654,-1.620276,2.423846,1.173804
17.00662,-5.896554,-2.109554,-0.547478,-0.1562204
13.3476,-7.02159,-0.7636332,2.312683,1.072331
12.71578,-6.256424,-0.8086395,0.2064321,1.26957
14.38041,-5.67075,0.4761459,-2.121571,0.8930415
14.00165,-6.678838,-1.754508,-2.166259,0
15.35785,-3.634029,1.990161,-0.1005413,0.9171304
13.46862,-6.138099,-1.14438,-0.7388984,0
14.2956,-4.383735,-0.1253905,-2.552264,0
17.10555,-7.734278,-2.327626,-1.162336,5.442473
14.25807,-7.319183,0.1879983,-0.6670334,0.1163698
15.2204,-5.924358,-0.0867695,-0.3092214,1.000324
14.94843,-6.966815,-2.53273,0.7465619,-0.4855516
17.06793,-5.368457,-0.9848043,-0.9900324,0.2997544
12.73387,-5.720719,-0.9605737,-1.383281,0
14.47766,-6.629869,-0.6103867,-0.287264,-0.4511026
16.13498,-6.193554,0.4511691,-1.23017,0.887307
17.22986,-6.342762,-3.837047,-1.105617,1.247425
17.57997,-5.287388,0.8018685,-1.134886,1.330389
13.60028,-6.136009,-0.5051274,-0.9408275,0
16.88258,-8.06657,-4.013933,-2.958843,2.060781
13.3718,-6.120816,-0.1544222,-1.767665,0
14.59775,-7.044761,-1.107927,-0.8935758,1.140511
14.92967,-5.976089,-1.798247,-1.668961,0.1129079
15.04806,-6.684851,-1.804356,-0.5009901,0.8278251
16.96893,-5.12761,0.5560609,-1.174987,0.799023
13.98343,-7.555554,-2.076058,-0.5562479,0
17.22105,-6.0412,-2.774194,-1.139531,-0.1265142
17.28577,-4.043764,0.0601121,0.477968,-1.164013
15.21518,-3.893108,1.616265,1.181666,2.005041
12.23714,-5.834418,-0.9337325,2.332623,-1.037511
10.34792,-4.195361,3.240769,0.7806224,1.373881
13.05606,-4.060184,2.072144,2.552088,-0.236619
11.40033,-7.438926,1.004356,-0.8854659,0
11.66706,-5.825242,-0.8699025,0.4078739,0
17.39754,-6.132316,-2.912613,-1.391095,-1.055552
12.85093,-4.314508,-0.6638698,1.249389,-0.5576131
14.2818,-3.778172,1.018552,0.480234,1.695308
14.72389,-6.165493,-1.008906,-0.2544796,0.6810479
13.42753,-4.789007,-0.2326035,1.902896,0.5954885
14.20656,-5.762936,-2.307913,0.3274744,0.1177977
12.07836,-5.672395,-1.147416,3.480099,0.9507868
15.31536,-5.03142,-1.073988,0.5367325,1.594258
12.32558,-5.115534,-1.000283,-0.2905304,0
11.56013,-7.345022,-0.7350836,-0.5162145,-0.0569956
12.92461,-7.257222,-2.41045,-0.7041799,1.641011
12.81067,-2.609494,2.168511,2.427682,4.118803
13.23458,-5.532522,-0.1282825,-0.7745125,0
13.79554,-5.809158,-0.6474807,0.1271799,0.7262032
15.07617,-5.155409,0.8233286,-1.067778,1.372864
16.87484,-8.009575,-0.6800919,-2.231208,1.290055
11.47387,-4.315227,1.387463,-1.783217,0
12.76939,-1.001303,3.759772,-0.6235916,2.1023
14.7272,-6.799301,-0.8316748,-2.057392,1.858607
14.2542,-4.580151,2.148552,0.1115816,0.9282411
12.78146,-3.248689,2.887601,-1.421231,-0.1204003
14.94167,-4.280932,0.1406131,0.4952134,1.166647
16.50689,-7.192568,-0.8412988,3.021792,1.282961
18.50414,-3.617023,1.526265,1.129244,3.283813
13.74427,-8.505942,-1.883781,0.0894821,0.6100016
13.60232,-4.767244,0.1791573,0.7505692,1.756991
12.50218,-7.084974,-0.3552588,-2.158436,0
15.06874,-6.757588,-1.234918,0.6835516,-0.1163423
12.4137,-6.150614,-1.938703,1.507644,0.9740697
14.56915,-7.146481,-1.267983,-2.505935,0
14.52667,-7.151234,-1.401488,0.3065842,0.0554402
18.73185,-6.286434,-4.898132,0.0186956,2.313185
17.50664,-5.80401,0.1308256,-0.502453,0.9825881
15.75303,-6.482436,-1.164816,-0.9019186,-0.1775474
17.6864,-6.449648,-0.7371581,-1.827162,1.663612
16.91121,-7.575619,-3.300071,-0.4157584,0.3493022
14.91057,-8.317211,-3.200708,0.7238978,0
13.57888,-5.55302,-0.2168083,1.586997,0.4451035
16.10283,-5.142903,0.6402622,-3.186456,-0.2322463
16.56186,-7.496563,-1.081204,-1.8591,0.779147
15.92646,-7.506586,-2.657458,-1.82125,-1.344451
13.3292,-7.384134,-1.952635,-1.620163,1.221991
15.41376,-6.997579,-1.705501,-0.3206713,0.9242112
14.6517,-6.434233,0.1165238,0.6317909,0.7313377
14.25081,-6.38517,-1.522924,1.504769,-0.4982472
14.08256,-5.010671,0.7298437,-2.621059,0.9242589
16.80341,-4.780888,0.0720496,-3.891872,-1.025898
14.86036,-5.910077,-0.0197238,-1.346953,1.674224
15.33729,-5.42137,-0.270308,-1.790272,-0.0523828
13.19959,-6.847203,-2.246381,0.8145559,2.166416
16.2913,-5.498126,-0.5900893,-0.3478634,1.932322
12.07301,-6.780006,-4.585053,3.012427,0.356675
13.32257,-2.472646,1.229549,1.412322,-1.423472
12.98926,-6.368131,-1.014145,-0.1719982,1.943647
12.96947,-4.496877,0.1467762,-1.289724,1.91374
17.26944,-6.61767,1.529301,-1.189907,1.550356
15.95544,-3.861865,0.8728223,1.094178,2.826672
10.37888,-3.769644,2.731089,1.517294,2.963394
13.55932,-6.559744,-2.237162,-0.0189134,-0.9444616
13.12154,-7.013761,0.8380776,-2.091433,-0.7062193
15.81297,-6.960269,-1.362573,-1.21412,0.7116472
15.56761,-5.829443,-1.078043,0.3397683,0.6978217
15.21613,-5.776246,-0.6120896,-0.1431295,2.172273
15.27017,-6.317169,-1.221027,-0.8733265,0.9105602
14.21114,-6.313391,-0.4931144,-1.71581,0.9201471
16.01278,-5.355491,-0.7235262,-1.286993,1.414055
14.24655,-5.729696,-2.048173,2.089334,0.4255452
13.60851,-6.878813,-0.9918324,0.8403891,1.015833
13.92226,-4.45572,0.7561975,-1.088562,1.353995
13.24979,-6.141002,0.0487452,-1.533019,-0.2595112
13.32671,-7.577034,-1.112529,-0.3652231,2.742365
13.94605,-7.132355,-2.828347,-0.651727,0
11.63371,-7.281424,-1.211317,0.6894634,0.0805389
12.8873,-5.591194,-1.331463,2.459381,-1.609437
16.11642,-4.760416,0.6052137,-0.580477,1.786601
16.79407,-3.813451,0.7198297,-1.117037,1.879578
14.2981,-6.911561,-1.297223,-3.13527,0
13.5525,-7.838515,-1.375563,-0.769952,0
12.78075,-7.148373,-1.795671,2.552371,2.392866
14.74646,-6.073689,-0.3552432,-1.324632,1.099698
12.42228,-6.566512,-1.549282,-0.7788393,0
12.96091,-6.514811,-1.510265,0.78909,-0.8958818
16.18567,-7.751739,-0.5490431,-1.821391,0.2435135
15.19217,-6.368321,-0.9355714,-0.0796415,0.7484621
14.08257,-5.923411,0.0002045,-2.507308,0
14.51443,-6.744431,-0.737166,-1.746167,1.653086
17.91247,-7.058701,-2.350627,-2.142961,0.6104108
13.85238,-6.020028,-1.145451,0.7748039,1.075846
13.02291,-6.314975,-0.9228132,-1.884551,-0.0945586
15.56159,-7.386246,-1.929351,-0.4523079,1.430605
13.66948,-7.056846,-3.101819,2.01066,-2.470348
14.60677,-5.843913,-0.0029444,-1.195154,1.612803
18.67653,-6.805095,-0.7290978,-2.10315,1.417572
12.99813,-6.726112,-1.666395,0.2498777,-0.0178336
14.35754,-6.977489,-2.164898,-0.6766025,1.937766
14.84318,-7.121643,-2.039076,-1.507866,0
15.56858,-6.965763,-1.206107,-2.187396,1.089303
14.29976,-6.127504,-0.4561805,0.0107382,2.642673
13.66638,-5.830565,-0.9229392,-0.4131881,1.198095
14.30883,-7.196834,-2.916234,1.406092,0
15.87815,-5.803048,-0.8244723,-0.5147459,2.09986
13.18428,-5.592791,-1.051179,0.4638127,0.6165863
12.38973,-5.280593,-1.778487,-0.0866005,-0.1030511
14.4406,-6.557897,-0.8316426,1.051384,0
13.78199,-5.871,-0.6712067,-2.099207,0
15.65956,-6.211073,-1.64395,-0.9622461,0.1117112
13.68641,-7.172811,1.434732,-1.426252,0.8116792
13.20687,-8.095545,-5.283171,2.209937,0
18.63028,-4.615954,0.6772333,-4.356765,1.230922
16.0654,-6.487164,-1.734961,0.4640177,0.9414576
15.84399,-7.162703,-1.414592,-0.4688179,0.9303865
18.21855,-6.030127,-1.779157,2.17651,-1.759672
11.32813,-2.284392,1.022427,3.626884,0.7355129
15.52984,-4.128693,1.914775,0.8049924,2.613489
13.54171,-5.651493,-0.443035,-1.914504,0.3600028
16.78586,-7.624722,-3.034209,-2.127713,-0.23948
14.48174,-6.527162,-2.483311,1.971377,1.806202
15.31452,-6.34517,0.4193012,0.50537,0.4333896
14.44562,-5.452694,-1.251182,-0.3129885,0
16.36451,-5.975314,0.5439316,-0.568928,1.813935
15.72801,-5.629786,0.4758011,-1.43854,1.743496
15.44588,-4.48223,1.157465,-2.925952,0.4315374
12.47915,-5.096672,0.6354185,0.422447,0
11.9479,-7.855893,0.8297439,-1.041315,0
18.11327,-2.803249,1.544327,-5.153203,1.771665
18.65209,-6.679292,-1.678488,-3.240258,0.67642
13.75935,-6.543581,-1.074768,-0.4323676,1.470661
11.74126,-6.313282,-1.078819,2.83562,2.630993
13.57278,-6.230712,-0.6831204,-2.40853,0
14.0429,-5.944895,-2.333445,-0.0634748,1.040918
13.80102,-7.180061,-2.371248,0.6130493,-0.1118392
18.35991,-6.909986,0.2025438,-0.3362333,2.358374
16.20306,-4.816139,-0.2477984,0.0182779,1.298239
14.23316,-6.229509,-0.9033284,-1.633279,0.4552302
11.15612,-4.614205,1.829932,1.419922,1.879309
15.16505,-3.958937,1.029595,-1.262913,0
13.41797,-6.238924,-1.988733,2.099894,1.638253
15.13075,-6.179796,1.282139,-0.7564928,0.330236
13.41871,-3.7845,1.388341,1.415128,2.682966
15.04232,-6.751185,-1.006705,-2.216129,1.845827
17.90777,-6.666936,-4.210357,-2.447967,0
18.74533,-4.787487,-0.8451946,0.916312,2.239617
17.41068,-3.386161,1.428646,0.7347763,2.276622
10.27377,-2.587764,2.8887,1.358025,-0.3560499
12.60075,-6.11275,1.080454,-2.63766,-0.0872115
12.92076,-3.37488,-0.0267038,-1.775047,1.92991
14.72823,-2.265685,1.913525,1.088586,1.15644
16.43831,-7.261463,0.4397536,-0.635934,0.7804341
13.14245,-4.167191,0.3390056,0.1240919,1.308919
17.11929,-6.069633,0.6019216,-0.0046846,1.646273
14.7955,-4.826876,-0.453226,-2.032693,1.73894
12.50653,-7.051186,-0.5378336,-0.7251416,1.150803
13.89329,-6.686727,-0.5253825,-0.6631004,0.3849191
16.02841,-6.28794,-0.3264994,-0.494034,1.230883
14.23513,-5.767875,-0.9970395,-1.938975,1.05933
14.53429,-7.129623,-2.178425,-2.046848,0
13.87177,-6.344943,-0.7383482,1.065183,0.718266
17.02423,-5.48294,0.7731381,-5.609908,0
13.84575,-6.175264,-0.6381165,-0.6721164,0
15.24202,-3.496305,0.1949497,-0.648452,3.130711
15.61125,-6.126847,-0.9591243,0.1171997,1.589161
18.58905,-5.843401,-0.9128403,0.1202334,1.778363
15.76016,-5.663694,-1.342602,1.731572,0.6780133
14.73228,-7.447241,-0.9642131,-1.568763,1.088765
14.28081,-6.769026,0.115243,-0.4981053,1.608431
14.46087,-6.311185,-1.301556,-0.6812413,0.5323319
15.02566,-6.995321,-1.094427,-0.0334275,1.617188
18.55161,-4.707469,1.026725,-5.127664,0.9910482
13.61049,-6.774665,-1.308611,-1.352011,0.9315583
12.63371,-6.826625,-0.5135087,-0.2482006,-1.089266
14.61438,-4.38286,0.7958046,-2.57446,-0.9360508
14.34257,-6.65883,-0.9899647,-0.7928659,-0.0977422
13.70449,-6.395251,-1.056056,0.824806,0.7271348
14.63268,-6.652488,-2.210992,-0.9260447,0
17.14279,-3.394514,1.598534,-1.974225,2.205511
15.61967,-7.811516,-3.567155,0.3856619,0
13.89235,-6.172101,0.2395002,0.5564172,0
12.15865,-6.385261,-0.0153437,-1.187595,0.6931472
14.92899,-5.356561,0.4198308,0.1016605,0.9903473
14.19324,-5.435171,-1.252085,0.0513618,-0.1185904
12.6077,-4.463224,2.25311,-0.9946539,1.342402
15.20314,-5.022491,-0.73053,-0.813741,1.221175
16.0775,-6.814287,0.5056177,1.086227,1.571919
12.41984,-6.501318,-0.9307072,3.115953,-0.4570453
16.06738,-6.394489,-0.87346,-1.891235,-0.7171409
13.99288,-7.274489,-1.58549,-1.397984,0
13.49575,-3.608985,1.252615,0.2348125,1.63678
11.84811,-3.990272,1.813887,0.3647087,3.67902
17.36262,-7.264623,-0.1945838,-0.9464552,1.350694
14.13087,-5.868742,-0.7113129,0.4487865,0.377198
15.04704,-5.686604,-0.6259503,0.7872522,0.7619069
14.73974,-4.780194,-0.3185763,0.8495033,0.7122535
16.88181,-5.723143,-1.375675,-1.016992,1.918853
13.79357,-6.373847,-0.6916432,-0.92892,1.547906
14.10662,-7.38201,-2.198781,-1.649743,1.245216
14.03309,-6.314742,-0.3306226,-1.714381,0.8155407
14.54214,-6.279907,-1.251362,0.9891536,2.257215
15.65515,-5.15445,0.9400092,-2.37716,-1.982278
14.45985,-7.124336,-0.9421949,0.2467792,-0.7149107
16.24476,-7.621765,-1.850679,-1.083396,1.243395
18.76256,-5.128015,0.5734936,-1.874206,1.116537
12.60224,-4.614186,2.539052,-0.9702809,0.5571601
13.19563,-4.12731,1.450787,1.431372,2.664431
13.46736,-2.627225,2.96617,2.812458,1.153292
13.89032,-6.963583,-1.191616,-0.1790191,-0.291166
14.00056,-5.818387,-1.098909,-0.2390997,0
16.55606,-6.738927,-1.287116,-0.0481998,0.8154094
16.80929,-6.549146,-1.928001,-1.102816,0.0112764
14.70249,-7.086839,-2.469927,-2.317073,0
15.96903,-4.606022,-0.4663991,0.3456152,0.9545679
15.59084,-4.15141,0.1164685,-1.914286,1.266768
13.36651,-6.562489,-0.1375942,0.1696784,1.319291
15.11649,-4.78612,-0.5093107,1.497229,1.976915
13.77099,-6.79259,-0.9548051,-1.389999,0.2399507
12.71961,-7.529117,-0.7971863,-0.6639892,0
9.690169,-3.834926,-0.2568831,5.743144,0.3148339
18.86202,-6.272004,0.8042947,-0.8955776,1.617758
14.72461,-4.447335,-0.9025194,1.671442,-0.7094412
16.58491,-4.605888,-1.397571,0.9704855,2.227129
15.09209,-6.106744,-1.828242,-0.7731926,1.200827
13.30937,-5.61445,-0.2390623,-0.05186,1.201127
13.07688,-6.779675,-1.643112,-0.9102404,-0.8877775
16.50091,-6.634818,0.8539791,-4.773522,0.3213242
11.90556,-6.371946,-1.137407,2.122591,0.7689235
13.31567,-7.110879,-0.9017386,0.6465529,0.9445305
14.71855,-6.431182,-0.304892,-2.492196,0.0956878
17.16462,-6.842722,-0.2101163,-2.148519,-0.162134
15.775,-5.283063,1.043053,-2.670898,-0.1103112
16.97391,-6.26446,-0.7266087,-1.250692,0.6294005
15.83578,-6.609617,-1.805332,-1.207608,-0.4978772
16.35389,-5.945464,-2.51148,-0.6767265,-2.820708
15.13713,-7.392831,-2.123343,-0.0827524,-0.5031584
14.89488,-6.640441,-1.003043,-0.2317211,0.4287944
15.84885,-6.796938,-1.17307,-0.7581685,0.057345
12.83668,-7.616574,-1.759297,-0.2739527,0
12.92478,-6.720833,-1.21445,1.113313,-2.495718
13.04897,-4.777908,0.6382189,1.109602,1.108815
17.10232,-6.145476,-0.2608666,-3.852393,2.369653
16.382,-4.390015,1.423536,0.0262431,2.257787
13.03069,-3.392525,2.388913,0.5535915,3.849208
13.54466,-6.483203,-0.5853247,-1.543328,-1.230784
14.00136,-5.875762,-0.2991804,0.4204796,0.3399155
16.30032,-7.643445,-3.153671,-3.424358,0
15.82107,-6.981688,-2.938954,-1.501247,0.6779571
14.7945,-6.702771,-0.9542591,-0.7019035,1.132998
13.14682,-5.290982,0.1446753,-0.1530668,-0.4945617
15.17563,-5.967994,0.029573,0.0254248,1.094786
17.32761,-4.940922,0.9507065,-3.929607,0.6320204
13.16767,-6.328942,-1.396484,-0.8905565,0.6119667
13.32996,-5.43,-0.0993523,-0.8493826,0
13.62051,-6.789948,-1.610087,0.2893875,0.1399589
16.36193,-6.249401,-0.3971915,-0.3554394,0.8705794
12.4533,-5.620726,1.446441,1.235921,-0.1558976
16.03044,-6.825178,-0.5936746,-3.543508,-0.6427304
14.41769,-4.847314,1.861875,-1.946991,0.675073
15.43545,-5.002432,-0.512452,-0.9174072,1.731347
16.42668,-5.9612,-0.0664834,-0.9235775,-0.0656256
17.05137,-5.641931,0.3569531,-1.983019,1.429149
15.22188,-6.316154,-2.037079,-1.058167,0
11.92552,-3.408993,3.420994,-1.940144,0
14.52561,-6.7244,-1.832463,0.3636053,-0.1022602
14.5737,-6.540111,-1.112676,-1.119284,0
13.42288,-6.764124,-2.844471,0.8365829,0
13.04862,-7.970571,-1.071457,-1.676796,0
14.95465,-6.247686,-0.0108771,-4.243545,0
15.55781,-7.580101,-1.327237,-1.847277,0.9444611
18.99684,-10.24471,-3.045715,-6.446422,0.9939013
16.09116,-4.867976,0.7539311,-0.509227,1.615279
13.12006,-7.612946,-1.245415,-0.4224732,0
14.38612,-5.839555,-0.0784139,-0.2680609,-0.0040223
13.73941,-5.467704,0.1538506,-0.8989031,1.347886
13.24263,-7.589568,-1.118553,0.8338116,1.434199
13.94473,-6.313678,-0.2419628,-0.5196105,0.5682836
10.96605,-6.192017,-1.074395,1.77724,1.195623
14.22195,-5.563849,1.093639,0.1997717,1.069204
14.71301,-7.083385,-2.316402,-2.003172,0
16.75232,-6.260667,-1.095737,-1.77453,0.5352752
17.98021,-6.334449,0.53575,-0.6081154,1.186118
14.27185,-5.750362,-0.623583,-2.485208,0
15.06012,-5.732475,1.343321,-0.4931833,2.280922
15.98254,-7.591416,-1.619784,-1.061816,-1.072764
15.33321,-6.248664,-0.8697619,-1.026754,1.262748
12.70158,-6.747702,-2.073111,0.7309693,0
15.01114,-6.671879,-1.035898,-1.958365,1.628847
12.22547,-6.780953,-0.4290652,1.395023,0
14.84413,-5.981551,-2.884709,-1.681304,0
13.60025,-5.640985,-2.25989,0.1697138,0
15.42714,-6.848315,-0.6434342,-0.2402155,1.680721
15.61862,-6.934008,-0.5092168,-2.543895,1.87754
14.74388,-2.849902,1.19024,-0.8888819,2.772053
14.791,-2.46133,2.360018,0.9798459,2.024983
14.59271,-6.015111,-0.0775074,-1.414583,1.502479
13.06668,-6.954901,-1.014171,-0.3358023,0
13.82967,-5.945262,-0.8092434,-1.756895,1.396447
14.77904,-7.314107,-2.224742,-1.290182,0
15.88963,-7.219892,-1.752366,-2.035527,-0.1560626
15.17269,-6.796144,-0.8843576,-1.681923,0.6123081
14.98885,-8.504249,-2.182266,-2.143032,2.081124
14.33636,-5.645758,-0.8639959,0.2332924,1.678603
10.49139,-4.65124,-0.0493401,4.418594,0.1544726
14.36199,-6.05547,-1.939186,2.008813,1.250287
14.4837,-4.166141,1.279708,1.623338,2.193214
13.59224,-7.616618,-1.137701,0.523959,0.9355149
15.97663,-3.94547,1.42045,-0.5960171,2.741007
19.30998,-5.469265,-2.111493,-5.796288,-0.4251377
19.40114,-7.217597,-0.4781593,-4.223815,1.529948
13.35804,-4.782276,0.4406677,2.908487,2.218646
15.81083,-6.870654,-1.340309,-2.159054,0.2566855
14.13563,-6.125208,-1.140832,-0.9085457,0
14.76735,-5.853448,-2.792185,-0.4951831,3.16102
12.69593,-3.892852,0.1898027,0.2692907,1.666559
12.19312,-2.284537,3.953537,-0.968281,0.4979941
15.36343,-6.449152,-0.1324296,0.6851623,0.9094477
16.30138,-6.552722,0.104355,-0.5368903,1.454455
12.73904,-7.844146,-0.2355922,-0.4514105,1.101738
15.28463,-5.932314,0.5975863,-2.933675,0.6445336
12.45486,-6.141118,0.4740906,0.1911066,1.107985
15.06704,-6.235658,-0.8095133,-0.5514223,2.501473
13.69618,-5.701179,-0.0191297,-3.617193,0
