state,STATE1,year,lnsG_R_AppTot2931,lnsG_R10_AppTot2931,lnsfood,lnsagri,YY1,YY2,YY3,YY4,YY5,YY6,YY7,YY8,YY9,YY10,YY11,YY12,YY13,YY14,YY15,YY16,YY17
AL,AL,2006,-3.204192,-3.544953,-3.376828,-1.630417,0,0,0,0,0,0,0,1,0,0,0,0,0,0,0,0,0
AL,AL,2007,-2.965774,-3.36183,-3.169756,-1.548226,0,0,0,0,0,0,0,0,1,0,0,0,0,0,0,0,0
AL,AL,2008,-2.930241,-3.288334,-2.115995,-1.532329,0,0,0,0,0,0,0,0,0,1,0,0,0,0,0,0,0
AL,AL,2009,-2.842341,-3.168748,-1.546925,-1.945896,0,0,0,0,0,0,0,0,0,0,1,0,0,0,0,0,0
AL,AL,2010,-2.816487,-3.148399,-2.217824,-1.464761,0,0,0,0,0,0,0,0,0,0,0,1,0,0,0,0,0
AL,AL,2011,-2.718467,-3.021671,-1.567666,-1.878757,0,0,0,0,0,0,0,0,0,0,0,0,1,0,0,0,0
AL,AL,2012,-2.705704,-2.982006,-1.482323,-2.324327,0,0,0,0,0,0,0,0,0,0,0,0,0,1,0,0,0
AL,AL,2013,-2.582942,-2.838146,-1.46829,-2.316055,0,0,0,0,0,0,0,0,0,0,0,0,0,0,1,0,0
AL,AL,2014,-2.469269,-2.668551,-1.634759,-1.716364,0,0,0,0,0,0,0,0,0,0,0,0,0,0,0,1,0
AL,AL,2015,-2.587985,-2.77749,-1.931975,-1.810312,0,0,0,0,0,0,0,0,0,0,0,0,0,0,0,0,1
AR,AR,2006,-3.850322,-4.543386,-2.861887,-3.780829,0,0,0,0,0,0,0,1,0,0,0,0,0,0,0,0,0
AR,AR,2007,-3.698551,-4.357904,-2.561163,-3.437929,0,0,0,0,0,0,0,0,1,0,0,0,0,0,0,0,0
AR,AR,2008,-3.672713,-4.333695,-2.408731,-2.754393,0,0,0,0,0,0,0,0,0,1,0,0,0,0,0,0,0
AR,AR,2009,-3.558047,-4.355721,-2.4267,-3.19282,0,0,0,0,0,0,0,0,0,0,1,0,0,0,0,0,0
AR,AR,2010,-3.391246,-4.156701,-2.325875,-2.737603,0,0,0,0,0,0,0,0,0,0,0,1,0,0,0,0,0
AR,AR,2011,-3.312368,-4.020659,-2.171265,-2.508231,0,0,0,0,0,0,0,0,0,0,0,0,1,0,0,0,0
AR,AR,2012,-3.283088,-3.938408,-2.232016,-2.522406,0,0,0,0,0,0,0,0,0,0,0,0,0,1,0,0,0
AR,AR,2013,-3.234379,-3.821365,-2.22423,-2.81283,0,0,0,0,0,0,0,0,0,0,0,0,0,0,1,0,0
AR,AR,2014,-3.236603,-3.796522,-2.239752,-3.163006,0,0,0,0,0,0,0,0,0,0,0,0,0,0,0,1,0
AR,AR,2015,-3.393814,-3.938921,-2.415253,-2.900963,0,0,0,0,0,0,0,0,0,0,0,0,0,0,0,0,1
AZ,AZ,2006,-0.9833962,-1.339421,-1.315983,-0.572477,0,0,0,0,0,0,0,1,0,0,0,0,0,0,0,0,0
AZ,AZ,2007,-0.8421884,-1.245536,-0.9711693,-0.2385065,0,0,0,0,0,0,0,0,1,0,0,0,0,0,0,0,0
AZ,AZ,2008,-0.6905748,-1.108638,-0.625221,-0.1588629,0,0,0,0,0,0,0,0,0,1,0,0,0,0,0,0,0
AZ,AZ,2009,-0.577819,-0.9383997,-0.9584466,-0.1198528,0,0,0,0,0,0,0,0,0,0,1,0,0,0,0,0,0
AZ,AZ,2010,-0.3853915,-0.7437047,-0.6654199,0.2178971,0,0,0,0,0,0,0,0,0,0,0,1,0,0,0,0,0
AZ,AZ,2011,-0.2330327,-0.5654389,-0.2934985,0.4419549,0,0,0,0,0,0,0,0,0,0,0,0,1,0,0,0,0
AZ,AZ,2012,-0.1151264,-0.4044735,-0.2149729,0.4401943,0,0,0,0,0,0,0,0,0,0,0,0,0,1,0,0,0
AZ,AZ,2013,0.037251,-0.2170423,-0.0372447,0.4752825,0,0,0,0,0,0,0,0,0,0,0,0,0,0,1,0,0
AZ,AZ,2014,0.1834846,-0.0373551,0.2673522,0.429808,0,0,0,0,0,0,0,0,0,0,0,0,0,0,0,1,0
AZ,AZ,2015,0.1657591,-0.062628,0.3027944,0.6161998,0,0,0,0,0,0,0,0,0,0,0,0,0,0,0,0,1
CA,CA,2006,-0.6152599,-1.074811,-0.5585123,-0.3068571,0,0,0,0,0,0,0,1,0,0,0,0,0,0,0,0,0
CA,CA,2007,-0.5384455,-1.002547,-0.4215473,-0.2459787,0,0,0,0,0,0,0,0,1,0,0,0,0,0,0,0,0
CA,CA,2008,-0.4931822,-0.9443385,-0.1893972,-0.1158043,0,0,0,0,0,0,0,0,0,1,0,0,0,0,0,0,0
CA,CA,2009,-0.4506877,-0.8824379,-0.3373035,-0.0889911,0,0,0,0,0,0,0,0,0,0,1,0,0,0,0,0,0
CA,CA,2010,-0.3799645,-0.802848,-0.1863985,0.0943773,0,0,0,0,0,0,0,0,0,0,0,1,0,0,0,0,0
CA,CA,2011,-0.301236,-0.6857083,-0.0006515,0.2288822,0,0,0,0,0,0,0,0,0,0,0,0,1,0,0,0,0
CA,CA,2012,-0.215268,-0.5730858,0.0271019,0.3519503,0,0,0,0,0,0,0,0,0,0,0,0,0,1,0,0,0
CA,CA,2013,-0.1464931,-0.4786472,0.1720693,0.499749,0,0,0,0,0,0,0,0,0,0,0,0,0,0,1,0,0
CA,CA,2014,-0.1055341,-0.4112717,0.1948754,0.493095,0,0,0,0,0,0,0,0,0,0,0,0,0,0,0,1,0
CA,CA,2015,-0.247951,-0.5440815,0.0795176,0.483521,0,0,0,0,0,0,0,0,0,0,0,0,0,0,0,0,1
CO,CO,2006,-2.802927,-3.536661,-2.771295,-5.823647,0,0,0,0,0,0,0,1,0,0,0,0,0,0,0,0,0
CO,CO,2007,-2.783783,-3.463271,-2.571339,-5.766858,0,0,0,0,0,0,0,0,1,0,0,0,0,0,0,0,0
CO,CO,2008,-2.75507,-3.421092,-2.428027,-5.624865,0,0,0,0,0,0,0,0,0,1,0,0,0,0,0,0,0
CO,CO,2009,-2.70968,-3.346889,-2.693912,-5.422184,0,0,0,0,0,0,0,0,0,0,1,0,0,0,0,0,0
CO,CO,2010,-2.632129,-3.266379,-2.427474,-5.390283,0,0,0,0,0,0,0,0,0,0,0,1,0,0,0,0,0
CO,CO,2011,-2.541303,-3.11673,-2.215745,-5.160967,0,0,0,0,0,0,0,0,0,0,0,0,1,0,0,0,0
CO,CO,2012,-2.465091,-3.018263,-2.124584,-5.097351,0,0,0,0,0,0,0,0,0,0,0,0,0,1,0,0,0
CO,CO,2013,-2.413964,-2.943954,-2.048637,-5.4095,0,0,0,0,0,0,0,0,0,0,0,0,0,0,1,0,0
CO,CO,2014,-2.388093,-2.89158,-1.971886,-4.910331,0,0,0,0,0,0,0,0,0,0,0,0,0,0,0,1,0
CO,CO,2015,-2.535857,-3.01138,-2.153188,-5.094817,0,0,0,0,0,0,0,0,0,0,0,0,0,0,0,0,1
CT,CT,2006,0.9150884,0.4414137,-0.189983,-0.076618,0,0,0,0,0,0,0,1,0,0,0,0,0,0,0,0,0
CT,CT,2007,1.062378,0.520385,0.0109255,0.3557076,0,0,0,0,0,0,0,0,1,0,0,0,0,0,0,0,0
CT,CT,2008,1.137361,0.5610498,0.280412,1.306393,0,0,0,0,0,0,0,0,0,1,0,0,0,0,0,0,0
CT,CT,2009,1.250242,0.6717361,0.5621141,2.04553,0,0,0,0,0,0,0,0,0,0,1,0,0,0,0,0,0
CT,CT,2010,1.392651,0.8484392,0.8197191,2.152517,0,0,0,0,0,0,0,0,0,0,0,1,0,0,0,0,0
CT,CT,2011,1.482942,0.9147889,0.1923183,2.061915,0,0,0,0,0,0,0,0,0,0,0,0,1,0,0,0,0
CT,CT,2012,1.552593,0.9628198,0.2150968,-0.1878609,0,0,0,0,0,0,0,0,0,0,0,0,0,1,0,0,0
CT,CT,2013,1.621122,1.037177,0.251663,-0.3472859,0,0,0,0,0,0,0,0,0,0,0,0,0,0,1,0,0
CT,CT,2014,1.644217,1.044288,0.1939346,-0.4187383,0,0,0,0,0,0,0,0,0,0,0,0,0,0,0,1,0
CT,CT,2015,1.481695,0.8936391,0.233263,-0.4023888,0,0,0,0,0,0,0,0,0,0,0,0,0,0,0,0,1
DE,DE,2006,0.1418147,-1.296153,-1.591363,-1.262593,0,0,0,0,0,0,0,1,0,0,0,0,0,0,0,0,0
DE,DE,2007,0.1689493,-1.251727,-1.247277,-1.178141,0,0,0,0,0,0,0,0,1,0,0,0,0,0,0,0,0
DE,DE,2008,0.1261818,-1.263356,-0.8740094,-0.9681864,0,0,0,0,0,0,0,0,0,1,0,0,0,0,0,0,0
DE,DE,2009,0.0904375,-1.178724,-1.004315,-1.268096,0,0,0,0,0,0,0,0,0,0,1,0,0,0,0,0,0
DE,DE,2010,-0.0016754,-1.230756,-0.8558555,-1.025152,0,0,0,0,0,0,0,0,0,0,0,1,0,0,0,0,0
DE,DE,2011,0.0074977,-1.186525,-0.7064782,-0.9199318,0,0,0,0,0,0,0,0,0,0,0,0,1,0,0,0,0
DE,DE,2012,0.0454298,-1.140299,-0.479227,-0.8863918,0,0,0,0,0,0,0,0,0,0,0,0,0,1,0,0,0
DE,DE,2013,-0.0036709,-1.100518,-0.4445397,-0.7791563,0,0,0,0,0,0,0,0,0,0,0,0,0,0,1,0,0
DE,DE,2014,0.0004558,-1.006061,-1.131488,-0.7104131,0,0,0,0,0,0,0,0,0,0,0,0,0,0,0,1,0
DE,DE,2015,-0.1639534,-1.16832,-1.304001,-0.7588839,0,0,0,0,0,0,0,0,0,0,0,0,0,0,0,0,1
FL,FL,2006,-0.7911931,-1.009457,-0.895474,-1.047682,0,0,0,0,0,0,0,1,0,0,0,0,0,0,0,0,0
FL,FL,2007,-0.6799576,-0.8890846,-0.6233602,-0.8386459,0,0,0,0,0,0,0,0,1,0,0,0,0,0,0,0,0
FL,FL,2008,-0.5596915,-0.7816175,-0.3996475,-0.7677686,0,0,0,0,0,0,0,0,0,1,0,0,0,0,0,0,0
FL,FL,2009,-0.4256633,-0.6456372,-0.4086576,-0.7395903,0,0,0,0,0,0,0,0,0,0,1,0,0,0,0,0,0
FL,FL,2010,-0.2505039,-0.4641743,-0.2270694,-0.6169202,0,0,0,0,0,0,0,0,0,0,0,1,0,0,0,0,0
FL,FL,2011,-0.0789113,-0.2636271,0.1133432,-0.4289215,0,0,0,0,0,0,0,0,0,0,0,0,1,0,0,0,0
FL,FL,2012,0.0728818,-0.0937481,0.2876701,-0.4608809,0,0,0,0,0,0,0,0,0,0,0,0,0,1,0,0,0
FL,FL,2013,0.2475304,0.088163,0.3692026,-0.2405368,0,0,0,0,0,0,0,0,0,0,0,0,0,0,1,0,0
FL,FL,2014,0.3945065,0.236905,0.4872914,-0.1457044,0,0,0,0,0,0,0,0,0,0,0,0,0,0,0,1,0
FL,FL,2015,0.3702341,0.2144107,0.5996177,-0.0524783,0,0,0,0,0,0,0,0,0,0,0,0,0,0,0,0,1
GA,GA,2006,-2.093725,-2.559577,-1.659972,-2.431134,0,0,0,0,0,0,0,1,0,0,0,0,0,0,0,0,0
GA,GA,2007,-1.975306,-2.456405,-1.351307,-1.811084,0,0,0,0,0,0,0,0,1,0,0,0,0,0,0,0,0
GA,GA,2008,-1.920149,-2.384236,-0.9915969,-1.818936,0,0,0,0,0,0,0,0,0,1,0,0,0,0,0,0,0
GA,GA,2009,-1.869959,-2.303933,-1.012406,-1.813619,0,0,0,0,0,0,0,0,0,0,1,0,0,0,0,0,0
GA,GA,2010,-1.794116,-2.24241,-0.8569286,-1.640315,0,0,0,0,0,0,0,0,0,0,0,1,0,0,0,0,0
GA,GA,2011,-1.748699,-2.192271,-0.7572439,-1.352684,0,0,0,0,0,0,0,0,0,0,0,0,1,0,0,0,0
GA,GA,2012,-1.676108,-2.102525,-0.5365464,-1.120416,0,0,0,0,0,0,0,0,0,0,0,0,0,1,0,0,0
GA,GA,2013,-1.614273,-2.022204,-0.4326598,-1.050798,0,0,0,0,0,0,0,0,0,0,0,0,0,0,1,0,0
GA,GA,2014,-1.600103,-1.957619,-0.419952,-1.085604,0,0,0,0,0,0,0,0,0,0,0,0,0,0,0,1,0
GA,GA,2015,-1.734875,-2.08108,-0.6401982,-1.293539,0,0,0,0,0,0,0,0,0,0,0,0,0,0,0,0,1
IA,IA,2006,-4.359056,-5.060389,-2.802427,-3.95189,0,0,0,0,0,0,0,1,0,0,0,0,0,0,0,0,0
IA,IA,2007,-4.396868,-5.060809,-2.666543,-3.61628,0,0,0,0,0,0,0,0,1,0,0,0,0,0,0,0,0
IA,IA,2008,-4.408565,-5.090014,-2.4425,-3.011472,0,0,0,0,0,0,0,0,0,1,0,0,0,0,0,0,0
IA,IA,2009,-4.404405,-5.051984,-2.513364,-3.479039,0,0,0,0,0,0,0,0,0,0,1,0,0,0,0,0,0
IA,IA,2010,-4.437753,-5.050294,-2.337676,-3.249146,0,0,0,0,0,0,0,0,0,0,0,1,0,0,0,0,0
IA,IA,2011,-4.421904,-4.945575,-2.20061,-3.079049,0,0,0,0,0,0,0,0,0,0,0,0,1,0,0,0,0
IA,IA,2012,-4.343544,-4.882082,-2.162351,-2.88599,0,0,0,0,0,0,0,0,0,0,0,0,0,1,0,0,0
IA,IA,2013,-4.314517,-4.913436,-2.152728,-3.315515,0,0,0,0,0,0,0,0,0,0,0,0,0,0,1,0,0
IA,IA,2014,-4.361295,-4.927405,-2.079987,-2.632637,0,0,0,0,0,0,0,0,0,0,0,0,0,0,0,1,0
IA,IA,2015,-4.544065,-5.0915,-2.30064,-2.837779,0,0,0,0,0,0,0,0,0,0,0,0,0,0,0,0,1
ID,ID,2006,-3.457009,-3.99576,-3.034721,-3.599205,0,0,0,0,0,0,0,1,0,0,0,0,0,0,0,0,0
ID,ID,2007,-3.449322,-3.97542,-2.759356,-3.530708,0,0,0,0,0,0,0,0,1,0,0,0,0,0,0,0,0
ID,ID,2008,-3.429628,-4.001465,-2.509189,-3.271805,0,0,0,0,0,0,0,0,0,1,0,0,0,0,0,0,0
ID,ID,2009,-3.405599,-3.928827,-2.731339,-3.254853,0,0,0,0,0,0,0,0,0,0,1,0,0,0,0,0,0
ID,ID,2010,-3.414676,-3.869881,-2.564006,-3.214949,0,0,0,0,0,0,0,0,0,0,0,1,0,0,0,0,0
ID,ID,2011,-3.435553,-3.80482,-2.320095,-3.023035,0,0,0,0,0,0,0,0,0,0,0,0,1,0,0,0,0
ID,ID,2012,-3.317337,-3.649282,-2.205945,-2.894133,0,0,0,0,0,0,0,0,0,0,0,0,0,1,0,0,0
ID,ID,2013,-3.185838,-3.53419,-2.074449,-2.961487,0,0,0,0,0,0,0,0,0,0,0,0,0,0,1,0,0
ID,ID,2014,-3.197886,-3.543202,-2.01288,-2.981379,0,0,0,0,0,0,0,0,0,0,0,0,0,0,0,1,0
ID,ID,2015,-3.344322,-3.673055,-2.313961,-3.116004,0,0,0,0,0,0,0,0,0,0,0,0,0,0,0,0,1
IL,IL,2006,-2.513372,-3.369237,-2.460442,-3.374133,0,0,0,0,0,0,0,1,0,0,0,0,0,0,0,0,0
IL,IL,2007,-2.484308,-3.324328,-2.371337,-2.585635,0,0,0,0,0,0,0,0,1,0,0,0,0,0,0,0,0
IL,IL,2008,-2.495515,-3.306829,-2.158656,-2.294259,0,0,0,0,0,0,0,0,0,1,0,0,0,0,0,0,0
IL,IL,2009,-2.487578,-3.292155,-2.261202,-2.447118,0,0,0,0,0,0,0,0,0,0,1,0,0,0,0,0,0
IL,IL,2010,-2.443432,-3.258675,-2.197448,-2.750589,0,0,0,0,0,0,0,0,0,0,0,1,0,0,0,0,0
IL,IL,2011,-2.400475,-3.188773,-2.189762,-2.19676,0,0,0,0,0,0,0,0,0,0,0,0,1,0,0,0,0
IL,IL,2012,-2.381836,-3.15369,-2.077543,-2.377647,0,0,0,0,0,0,0,0,0,0,0,0,0,1,0,0,0
IL,IL,2013,-2.374002,-3.073531,-1.947335,-1.995755,0,0,0,0,0,0,0,0,0,0,0,0,0,0,1,0,0
IL,IL,2014,-2.397943,-3.049696,-1.944906,-2.02806,0,0,0,0,0,0,0,0,0,0,0,0,0,0,0,1,0
IL,IL,2015,-2.571628,-3.21284,-1.997401,-2.263711,0,0,0,0,0,0,0,0,0,0,0,0,0,0,0,0,1
IN,IN,2006,-3.723538,-4.189056,-3.715057,-4.593377,0,0,0,0,0,0,0,1,0,0,0,0,0,0,0,0,0
IN,IN,2007,-3.751477,-4.204547,-3.462315,-4.30392,0,0,0,0,0,0,0,0,1,0,0,0,0,0,0,0,0
IN,IN,2008,-3.694578,-4.090996,-3.182081,-4.056655,0,0,0,0,0,0,0,0,0,1,0,0,0,0,0,0,0
IN,IN,2009,-3.650058,-4.065335,-3.173891,-4.407717,0,0,0,0,0,0,0,0,0,0,1,0,0,0,0,0,0
IN,IN,2010,-3.548955,-4.062534,-3.022057,-4.512851,0,0,0,0,0,0,0,0,0,0,0,1,0,0,0,0,0
IN,IN,2011,-3.463126,-3.962453,-2.753237,-4.165986,0,0,0,0,0,0,0,0,0,0,0,0,1,0,0,0,0
IN,IN,2012,-3.498874,-3.990524,-2.465483,-5.033141,0,0,0,0,0,0,0,0,0,0,0,0,0,1,0,0,0
IN,IN,2013,-3.453755,-3.903224,-2.523012,-4.897937,0,0,0,0,0,0,0,0,0,0,0,0,0,0,1,0,0
IN,IN,2014,-3.442887,-3.871446,-2.435061,-4.535664,0,0,0,0,0,0,0,0,0,0,0,0,0,0,0,1,0
IN,IN,2015,-3.612094,-4.03799,-2.494349,-4.459656,0,0,0,0,0,0,0,0,0,0,0,0,0,0,0,0,1
KS,KS,2006,-4.829278,-5.453269,-3.035206,-4.213038,0,0,0,0,0,0,0,1,0,0,0,0,0,0,0,0,0
KS,KS,2007,-4.758174,-5.522167,-2.938373,-3.273431,0,0,0,0,0,0,0,0,1,0,0,0,0,0,0,0,0
KS,KS,2008,-4.708583,-5.507117,-2.894809,-2.882618,0,0,0,0,0,0,0,0,0,1,0,0,0,0,0,0,0
KS,KS,2009,-4.73424,-5.518761,-2.989266,-3.581444,0,0,0,0,0,0,0,0,0,0,1,0,0,0,0,0,0
KS,KS,2010,-4.765767,-5.463461,-2.719675,-3.474949,0,0,0,0,0,0,0,0,0,0,0,1,0,0,0,0,0
KS,KS,2011,-4.763211,-5.486489,-2.552074,-2.911287,0,0,0,0,0,0,0,0,0,0,0,0,1,0,0,0,0
KS,KS,2012,-4.678389,-5.318349,-2.571006,-2.779357,0,0,0,0,0,0,0,0,0,0,0,0,0,1,0,0,0
KS,KS,2013,-4.638034,-5.245166,-2.414367,-2.35322,0,0,0,0,0,0,0,0,0,0,0,0,0,0,1,0,0
KS,KS,2014,-4.658635,-5.235446,-2.524434,-2.628799,0,0,0,0,0,0,0,0,0,0,0,0,0,0,0,1,0
KS,KS,2015,-4.826908,-5.390669,-2.609691,-2.966759,0,0,0,0,0,0,0,0,0,0,0,0,0,0,0,0,1
KY,KY,2006,-3.685494,-4.178705,-3.315122,-2.857733,0,0,0,0,0,0,0,1,0,0,0,0,0,0,0,0,0
KY,KY,2007,-3.64095,-4.133089,-3.177392,-3.200285,0,0,0,0,0,0,0,0,1,0,0,0,0,0,0,0,0
KY,KY,2008,-3.626423,-4.125506,-3.000835,-3.217834,0,0,0,0,0,0,0,0,0,1,0,0,0,0,0,0,0
KY,KY,2009,-3.641306,-4.140679,-3.017881,-2.993018,0,0,0,0,0,0,0,0,0,0,1,0,0,0,0,0,0
KY,KY,2010,-3.528809,-4.017247,-2.878271,-3.177125,0,0,0,0,0,0,0,0,0,0,0,1,0,0,0,0,0
KY,KY,2011,-3.448946,-3.950202,-3.103052,-3.446871,0,0,0,0,0,0,0,0,0,0,0,0,1,0,0,0,0
KY,KY,2012,-3.422151,-3.900654,-2.73578,-3.298248,0,0,0,0,0,0,0,0,0,0,0,0,0,1,0,0,0
KY,KY,2013,-3.387263,-3.815675,-2.679167,-3.329801,0,0,0,0,0,0,0,0,0,0,0,0,0,0,1,0,0
KY,KY,2014,-3.385576,-3.791647,-2.922684,-3.045453,0,0,0,0,0,0,0,0,0,0,0,0,0,0,0,1,0
KY,KY,2015,-3.490255,-3.888668,-2.983657,-3.241699,0,0,0,0,0,0,0,0,0,0,0,0,0,0,0,0,1
LA,LA,2006,-3.090774,-3.493957,-0.6731859,0.7452943,0,0,0,0,0,0,0,1,0,0,0,0,0,0,0,0,0
LA,LA,2007,-2.921255,-3.419275,-0.4751134,1.0852,0,0,0,0,0,0,0,0,1,0,0,0,0,0,0,0,0
LA,LA,2008,-2.866243,-3.337402,-0.0998112,1.348371,0,0,0,0,0,0,0,0,0,1,0,0,0,0,0,0,0
LA,LA,2009,-2.841263,-3.295503,-0.188719,1.200252,0,0,0,0,0,0,0,0,0,0,1,0,0,0,0,0,0
LA,LA,2010,-2.760895,-3.187097,0.0147371,1.364606,0,0,0,0,0,0,0,0,0,0,0,1,0,0,0,0,0
LA,LA,2011,-2.639869,-3.109809,0.0615989,1.520969,0,0,0,0,0,0,0,0,0,0,0,0,1,0,0,0,0
LA,LA,2012,-2.586133,-3.04264,0.3245854,1.671883,0,0,0,0,0,0,0,0,0,0,0,0,0,1,0,0,0
LA,LA,2013,-2.440965,-2.809705,0.2765712,1.490128,0,0,0,0,0,0,0,0,0,0,0,0,0,0,1,0,0
LA,LA,2014,-2.323558,-2.674997,0.2692581,1.645965,0,0,0,0,0,0,0,0,0,0,0,0,0,0,0,1,0
LA,LA,2015,-2.425565,-2.757089,0.2483028,1.50802,0,0,0,0,0,0,0,0,0,0,0,0,0,0,0,0,1
MA,MA,2006,1.356992,0.872664,0.7390102,1.005319,0,0,0,0,0,0,0,1,0,0,0,0,0,0,0,0,0
MA,MA,2007,1.460962,0.9739326,0.9153301,1.071751,0,0,0,0,0,0,0,0,1,0,0,0,0,0,0,0,0
MA,MA,2008,1.505337,1.024371,1.092775,1.137529,0,0,0,0,0,0,0,0,0,1,0,0,0,0,0,0,0
MA,MA,2009,1.579862,1.107982,0.9287429,1.1134,0,0,0,0,0,0,0,0,0,0,1,0,0,0,0,0,0
MA,MA,2010,1.665969,1.218212,1.13658,1.151504,0,0,0,0,0,0,0,0,0,0,0,1,0,0,0,0,0
MA,MA,2011,1.735119,1.344602,1.01082,1.388788,0,0,0,0,0,0,0,0,0,0,0,0,1,0,0,0,0
MA,MA,2012,1.766178,1.380427,0.9974262,1.423078,0,0,0,0,0,0,0,0,0,0,0,0,0,1,0,0,0
MA,MA,2013,1.817661,1.452525,1.167111,1.410459,0,0,0,0,0,0,0,0,0,0,0,0,0,0,1,0,0
MA,MA,2014,1.841773,1.496724,1.119605,1.409681,0,0,0,0,0,0,0,0,0,0,0,0,0,0,0,1,0
MA,MA,2015,1.729556,1.400224,1.119714,1.368566,0,0,0,0,0,0,0,0,0,0,0,0,0,0,0,0,1
MD,MD,2006,-1.162946,-1.751206,-2.000436,-3.100988,0,0,0,0,0,0,0,1,0,0,0,0,0,0,0,0,0
MD,MD,2007,-1.04856,-1.638484,-2.0267,-2.999023,0,0,0,0,0,0,0,0,1,0,0,0,0,0,0,0,0
MD,MD,2008,-1.01045,-1.597713,-2.192017,-2.940334,0,0,0,0,0,0,0,0,0,1,0,0,0,0,0,0,0
MD,MD,2009,-1.013853,-1.571751,-2.304154,-3.013134,0,0,0,0,0,0,0,0,0,0,1,0,0,0,0,0,0
MD,MD,2010,-0.9066966,-1.435382,-2.01922,-2.865716,0,0,0,0,0,0,0,0,0,0,0,1,0,0,0,0,0
MD,MD,2011,-0.8450722,-1.335561,-1.961253,-2.727795,0,0,0,0,0,0,0,0,0,0,0,0,1,0,0,0,0
MD,MD,2012,-0.780645,-1.216781,-1.805323,-2.793333,0,0,0,0,0,0,0,0,0,0,0,0,0,1,0,0,0
MD,MD,2013,-0.717606,-1.107352,-1.694747,-2.927984,0,0,0,0,0,0,0,0,0,0,0,0,0,0,1,0,0
MD,MD,2014,-0.669458,-1.067469,-1.579124,-2.414198,0,0,0,0,0,0,0,0,0,0,0,0,0,0,0,1,0
MD,MD,2015,-0.7893269,-1.182746,-1.503011,-2.556201,0,0,0,0,0,0,0,0,0,0,0,0,0,0,0,0,1
ME,ME,2006,-1.43514,-1.510095,-1.872193,0.0018109,0,0,0,0,0,0,0,1,0,0,0,0,0,0,0,0,0
ME,ME,2007,-1.343456,-1.433613,-1.895656,-0.1645156,0,0,0,0,0,0,0,0,1,0,0,0,0,0,0,0,0
ME,ME,2008,-1.21319,-1.34051,-1.615427,-0.1574063,0,0,0,0,0,0,0,0,0,1,0,0,0,0,0,0,0
ME,ME,2009,-1.172611,-1.293313,-1.698438,-0.1915604,0,0,0,0,0,0,0,0,0,0,1,0,0,0,0,0,0
ME,ME,2010,-1.016396,-1.131617,-1.416122,0.0631143,0,0,0,0,0,0,0,0,0,0,0,1,0,0,0,0,0
ME,ME,2011,-0.990167,-1.168282,-1.372643,0.1253231,0,0,0,0,0,0,0,0,0,0,0,0,1,0,0,0,0
ME,ME,2012,-0.8779489,-1.021392,-1.448647,0.1739561,0,0,0,0,0,0,0,0,0,0,0,0,0,1,0,0,0
ME,ME,2013,-0.804077,-0.9263496,-1.519976,0.3355739,0,0,0,0,0,0,0,0,0,0,0,0,0,0,1,0,0
ME,ME,2014,-0.7806661,-0.8976405,-1.572899,0.4379836,0,0,0,0,0,0,0,0,0,0,0,0,0,0,0,1,0
ME,ME,2015,-0.9193116,-1.033487,-1.741276,0.3927386,0,0,0,0,0,0,0,0,0,0,0,0,0,0,0,0,1
MI,MI,2006,-2.310899,-3.124444,-2.842388,-3.375303,0,0,0,0,0,0,0,1,0,0,0,0,0,0,0,0,0
MI,MI,2007,-2.311185,-3.06692,-2.464965,-3.192445,0,0,0,0,0,0,0,0,1,0,0,0,0,0,0,0,0
MI,MI,2008,-2.283842,-3.043604,-2.245239,-2.907325,0,0,0,0,0,0,0,0,0,1,0,0,0,0,0,0,0
MI,MI,2009,-2.293949,-3.059127,-2.338537,-2.976887,0,0,0,0,0,0,0,0,0,0,1,0,0,0,0,0,0
MI,MI,2010,-2.22602,-2.976253,-2.164218,-3.080832,0,0,0,0,0,0,0,0,0,0,0,1,0,0,0,0,0
MI,MI,2011,-2.194533,-2.889113,-2.146245,-2.967949,0,0,0,0,0,0,0,0,0,0,0,0,1,0,0,0,0
MI,MI,2012,-2.155573,-2.784743,-2.026483,-2.948913,0,0,0,0,0,0,0,0,0,0,0,0,0,1,0,0,0
MI,MI,2013,-2.023225,-2.651278,-1.843599,-2.827152,0,0,0,0,0,0,0,0,0,0,0,0,0,0,1,0,0
MI,MI,2014,-2.049508,-2.679614,-1.817853,-2.657546,0,0,0,0,0,0,0,0,0,0,0,0,0,0,0,1,0
MI,MI,2015,-2.241434,-2.861167,-1.949549,-2.893606,0,0,0,0,0,0,0,0,0,0,0,0,0,0,0,0,1
MN,MN,2006,-2.904136,-4.020869,-3.108284,-3.779583,0,0,0,0,0,0,0,1,0,0,0,0,0,0,0,0,0
MN,MN,2007,-2.832266,-3.92235,-2.854804,-3.149579,0,0,0,0,0,0,0,0,1,0,0,0,0,0,0,0,0
MN,MN,2008,-2.809716,-3.93798,-2.717566,-3.147272,0,0,0,0,0,0,0,0,0,1,0,0,0,0,0,0,0
MN,MN,2009,-2.808794,-3.956289,-2.869519,-3.848263,0,0,0,0,0,0,0,0,0,0,1,0,0,0,0,0,0
MN,MN,2010,-2.798788,-3.885822,-2.795622,-3.400879,0,0,0,0,0,0,0,0,0,0,0,1,0,0,0,0,0
MN,MN,2011,-2.801147,-3.845365,-2.637901,-3.31225,0,0,0,0,0,0,0,0,0,0,0,0,1,0,0,0,0
MN,MN,2012,-2.834962,-3.857306,-2.606815,-3.710078,0,0,0,0,0,0,0,0,0,0,0,0,0,1,0,0,0
MN,MN,2013,-2.834756,-3.771092,-2.598449,-3.718482,0,0,0,0,0,0,0,0,0,0,0,0,0,0,1,0,0
MN,MN,2014,-2.840943,-3.714073,-2.549656,-3.426687,0,0,0,0,0,0,0,0,0,0,0,0,0,0,0,1,0
MN,MN,2015,-3.02129,-3.897249,-2.672991,-3.651101,0,0,0,0,0,0,0,0,0,0,0,0,0,0,0,0,1
MO,MO,2006,-3.348508,-4.194583,-3.103251,-3.946075,0,0,0,0,0,0,0,1,0,0,0,0,0,0,0,0,0
MO,MO,2007,-3.338574,-4.128153,-3.069162,-3.173023,0,0,0,0,0,0,0,0,1,0,0,0,0,0,0,0,0
MO,MO,2008,-3.329191,-4.106113,-2.796905,-2.994517,0,0,0,0,0,0,0,0,0,1,0,0,0,0,0,0,0
MO,MO,2009,-3.266488,-4.025805,-2.783978,-3.739432,0,0,0,0,0,0,0,0,0,0,1,0,0,0,0,0,0
MO,MO,2010,-3.191602,-3.935118,-2.487229,-3.494277,0,0,0,0,0,0,0,0,0,0,0,1,0,0,0,0,0
MO,MO,2011,-3.158613,-3.853875,-2.361072,-3.38697,0,0,0,0,0,0,0,0,0,0,0,0,1,0,0,0,0
MO,MO,2012,-3.167228,-3.78552,-2.236749,-3.157084,0,0,0,0,0,0,0,0,0,0,0,0,0,1,0,0,0
MO,MO,2013,-3.168961,-3.726304,-2.213532,-3.558188,0,0,0,0,0,0,0,0,0,0,0,0,0,0,1,0,0
MO,MO,2014,-3.135876,-3.670574,-2.168418,-3.393128,0,0,0,0,0,0,0,0,0,0,0,0,0,0,0,1,0
MO,MO,2015,-3.276293,-3.795652,-2.322403,-3.294558,0,0,0,0,0,0,0,0,0,0,0,0,0,0,0,0,1
MS,MS,2006,-4.567297,-4.802188,-3.88383,-2.597963,0,0,0,0,0,0,0,1,0,0,0,0,0,0,0,0,0
MS,MS,2007,-4.495423,-4.768987,-3.673339,-2.015332,0,0,0,0,0,0,0,0,1,0,0,0,0,0,0,0,0
MS,MS,2008,-4.49988,-4.759813,-2.746379,-2.2701,0,0,0,0,0,0,0,0,0,1,0,0,0,0,0,0,0
MS,MS,2009,-4.466734,-4.665795,-2.443651,-2.845459,0,0,0,0,0,0,0,0,0,0,1,0,0,0,0,0,0
MS,MS,2010,-4.436256,-4.609239,-2.599315,-2.250869,0,0,0,0,0,0,0,0,0,0,0,1,0,0,0,0,0
MS,MS,2011,-4.45676,-4.678915,-2.719832,-2.044847,0,0,0,0,0,0,0,0,0,0,0,0,1,0,0,0,0
MS,MS,2012,-4.295859,-4.532946,-2.575079,-1.9291,0,0,0,0,0,0,0,0,0,0,0,0,0,1,0,0,0
MS,MS,2013,-4.11185,-4.356977,-2.518903,-2.13609,0,0,0,0,0,0,0,0,0,0,0,0,0,0,1,0,0
MS,MS,2014,-4.157581,-4.363204,-2.673558,-2.399495,0,0,0,0,0,0,0,0,0,0,0,0,0,0,0,1,0
MS,MS,2015,-4.250395,-4.450569,-3.002022,-2.741233,0,0,0,0,0,0,0,0,0,0,0,0,0,0,0,0,1
MT,MT,2006,-5.796312,-5.826995,-6.921289,-5.84992,0,0,0,0,0,0,0,1,0,0,0,0,0,0,0,0,0
MT,MT,2007,-5.592665,-5.628085,-6.386738,-6.111014,0,0,0,0,0,0,0,0,1,0,0,0,0,0,0,0,0
MT,MT,2008,-5.480535,-5.505808,-6.005765,-5.991597,0,0,0,0,0,0,0,0,0,1,0,0,0,0,0,0,0
MT,MT,2009,-5.410641,-5.523625,-6.305211,-6.455467,0,0,0,0,0,0,0,0,0,0,1,0,0,0,0,0,0
MT,MT,2010,-5.444753,-5.537619,-6.296515,-5.709581,0,0,0,0,0,0,0,0,0,0,0,1,0,0,0,0,0
MT,MT,2011,-5.322604,-5.400097,-6.067054,-5.026798,0,0,0,0,0,0,0,0,0,0,0,0,1,0,0,0,0
MT,MT,2012,-5.334281,-5.422089,-5.628217,-4.903396,0,0,0,0,0,0,0,0,0,0,0,0,0,1,0,0,0
MT,MT,2013,-5.355179,-5.426532,-5.631179,-4.873641,0,0,0,0,0,0,0,0,0,0,0,0,0,0,1,0,0
MT,MT,2014,-5.347456,-5.416612,-5.790027,-4.707517,0,0,0,0,0,0,0,0,0,0,0,0,0,0,0,1,0
MT,MT,2015,-5.495451,-5.559628,-5.918555,-4.846351,0,0,0,0,0,0,0,0,0,0,0,0,0,0,0,0,1
NC,NC,2006,-2.303663,-2.922595,-2.478494,-1.698285,0,0,0,0,0,0,0,1,0,0,0,0,0,0,0,0,0
NC,NC,2007,-2.291479,-2.863147,-2.191334,-1.634135,0,0,0,0,0,0,0,0,1,0,0,0,0,0,0,0,0
NC,NC,2008,-2.209441,-2.799969,-1.810027,-1.587639,0,0,0,0,0,0,0,0,0,1,0,0,0,0,0,0,0
NC,NC,2009,-2.145519,-2.699252,-1.945222,-1.944011,0,0,0,0,0,0,0,0,0,0,1,0,0,0,0,0,0
NC,NC,2010,-2.124828,-2.608563,-1.738973,-1.503018,0,0,0,0,0,0,0,0,0,0,0,1,0,0,0,0,0
NC,NC,2011,-2.083633,-2.514636,-1.453534,-1.381695,0,0,0,0,0,0,0,0,0,0,0,0,1,0,0,0,0
NC,NC,2012,-2.013836,-2.402653,-1.441871,-1.33662,0,0,0,0,0,0,0,0,0,0,0,0,0,1,0,0,0
NC,NC,2013,-1.894491,-2.244967,-1.291969,-1.274751,0,0,0,0,0,0,0,0,0,0,0,0,0,0,1,0,0
NC,NC,2014,-1.882509,-2.217151,-1.208531,-1.32708,0,0,0,0,0,0,0,0,0,0,0,0,0,0,0,1,0
NC,NC,2015,-2.037562,-2.35983,-1.430356,-1.408819,0,0,0,0,0,0,0,0,0,0,0,0,0,0,0,0,1
ND,ND,2006,-6.029253,-6.357512,-5.21658,-4.942577,0,0,0,0,0,0,0,1,0,0,0,0,0,0,0,0,0
ND,ND,2007,-6.096302,-6.369952,-4.834369,-4.131336,0,0,0,0,0,0,0,0,1,0,0,0,0,0,0,0,0
ND,ND,2008,-6.025896,-6.380002,-4.815703,-3.766141,0,0,0,0,0,0,0,0,0,1,0,0,0,0,0,0,0
ND,ND,2009,-6.125945,-6.454752,-4.442526,-4.090116,0,0,0,0,0,0,0,0,0,0,1,0,0,0,0,0,0
ND,ND,2010,-6.195982,-6.471019,-4.34719,-3.895744,0,0,0,0,0,0,0,0,0,0,0,1,0,0,0,0,0
ND,ND,2011,-6.165781,-6.508161,-4.785837,-3.901896,0,0,0,0,0,0,0,0,0,0,0,0,1,0,0,0,0
ND,ND,2012,-6.267445,-6.564203,-4.388557,-4.02508,0,0,0,0,0,0,0,0,0,0,0,0,0,1,0,0,0
ND,ND,2013,-6.399512,-6.666661,-4.784789,-4.030217,0,0,0,0,0,0,0,0,0,0,0,0,0,0,1,0,0
ND,ND,2014,-6.471497,-6.78851,-5.015684,-3.944111,0,0,0,0,0,0,0,0,0,0,0,0,0,0,0,1,0
ND,ND,2015,-6.637781,-6.934412,-4.889551,-3.890326,0,0,0,0,0,0,0,0,0,0,0,0,0,0,0,0,1
NE,NE,2006,-4.119325,-5.330623,-3.068601,-3.931503,0,0,0,0,0,0,0,1,0,0,0,0,0,0,0,0,0
NE,NE,2007,-4.134428,-5.284236,-2.910157,-3.62592,0,0,0,0,0,0,0,0,1,0,0,0,0,0,0,0,0
NE,NE,2008,-4.168656,-5.358398,-2.641345,-3.21519,0,0,0,0,0,0,0,0,0,1,0,0,0,0,0,0,0
NE,NE,2009,-4.143319,-5.245073,-2.644003,-3.400421,0,0,0,0,0,0,0,0,0,0,1,0,0,0,0,0,0
NE,NE,2010,-4.159953,-5.142579,-2.410488,-3.208562,0,0,0,0,0,0,0,0,0,0,0,1,0,0,0,0,0
NE,NE,2011,-4.17151,-5.041184,-2.165195,-2.786063,0,0,0,0,0,0,0,0,0,0,0,0,1,0,0,0,0
NE,NE,2012,-4.207932,-5.058469,-2.181026,-2.795543,0,0,0,0,0,0,0,0,0,0,0,0,0,1,0,0,0
NE,NE,2013,-4.243267,-5.024375,-2.116354,-3.524023,0,0,0,0,0,0,0,0,0,0,0,0,0,0,1,0,0
NE,NE,2014,-4.281569,-4.944671,-2.044741,-3.326331,0,0,0,0,0,0,0,0,0,0,0,0,0,0,0,1,0
NE,NE,2015,-4.45323,-5.080198,-2.204069,-3.544406,0,0,0,0,0,0,0,0,0,0,0,0,0,0,0,0,1
NH,NH,2006,0.1440982,-0.2560804,-1.053352,-0.8066745,0,0,0,0,0,0,0,1,0,0,0,0,0,0,0,0,0
NH,NH,2007,0.1849094,-0.2005692,-0.8399328,-0.8994808,0,0,0,0,0,0,0,0,1,0,0,0,0,0,0,0,0
NH,NH,2008,0.2342696,-0.1221579,-1.359519,-1.10029,0,0,0,0,0,0,0,0,0,1,0,0,0,0,0,0,0
NH,NH,2009,0.2745013,-0.0819818,-1.577359,-1.054193,0,0,0,0,0,0,0,0,0,0,1,0,0,0,0,0,0
NH,NH,2010,0.3577757,-0.0382433,-0.8546797,-0.9978235,0,0,0,0,0,0,0,0,0,0,0,1,0,0,0,0,0
NH,NH,2011,0.3754766,-0.0328012,-0.3288918,-0.8551757,0,0,0,0,0,0,0,0,0,0,0,0,1,0,0,0,0
NH,NH,2012,0.4118463,0.0533796,-0.5391317,-0.8956241,0,0,0,0,0,0,0,0,0,0,0,0,0,1,0,0,0
NH,NH,2013,0.3744478,0.0351983,-0.5238593,-0.5655853,0,0,0,0,0,0,0,0,0,0,0,0,0,0,1,0,0
NH,NH,2014,0.4289303,0.0997182,-0.48349,-0.6630109,0,0,0,0,0,0,0,0,0,0,0,0,0,0,0,1,0
NH,NH,2015,0.2565116,-0.0571084,-0.3398836,-0.6333275,0,0,0,0,0,0,0,0,0,0,0,0,0,0,0,0,1
NJ,NJ,2006,0.9839759,0.3840608,0.537636,-0.2225369,0,0,0,0,0,0,0,1,0,0,0,0,0,0,0,0,0
NJ,NJ,2007,1.036387,0.4573484,0.6295815,-0.1850663,0,0,0,0,0,0,0,0,1,0,0,0,0,0,0,0,0
NJ,NJ,2008,1.109332,0.5799441,1.123759,0.404079,0,0,0,0,0,0,0,0,0,1,0,0,0,0,0,0,0
NJ,NJ,2009,1.206104,0.6863298,1.060921,0.4114914,0,0,0,0,0,0,0,0,0,0,1,0,0,0,0,0,0
NJ,NJ,2010,1.309411,0.7751276,1.177873,0.5261434,0,0,0,0,0,0,0,0,0,0,0,1,0,0,0,0,0
NJ,NJ,2011,1.359873,0.8425775,1.316174,0.6545011,0,0,0,0,0,0,0,0,0,0,0,0,1,0,0,0,0
NJ,NJ,2012,1.434827,0.9166704,1.329182,0.6398677,0,0,0,0,0,0,0,0,0,0,0,0,0,1,0,0,0
NJ,NJ,2013,1.501484,1.022606,1.438327,0.6299435,0,0,0,0,0,0,0,0,0,0,0,0,0,0,1,0,0
NJ,NJ,2014,1.519714,1.092541,1.427269,0.5695645,0,0,0,0,0,0,0,0,0,0,0,0,0,0,0,1,0
NJ,NJ,2015,1.373809,0.9545586,1.402987,0.5900061,0,0,0,0,0,0,0,0,0,0,0,0,0,0,0,0,1
NM,NM,2006,-3.384157,-3.520807,-4.299527,-4.936495,0,0,0,0,0,0,0,1,0,0,0,0,0,0,0,0,0
NM,NM,2007,-3.282377,-3.394333,-3.58725,-4.104194,0,0,0,0,0,0,0,0,1,0,0,0,0,0,0,0,0
NM,NM,2008,-3.288029,-3.379553,-3.003715,-3.894833,0,0,0,0,0,0,0,0,0,1,0,0,0,0,0,0,0
NM,NM,2009,-3.218294,-3.287668,-3.353452,-3.980245,0,0,0,0,0,0,0,0,0,0,1,0,0,0,0,0,0
NM,NM,2010,-3.147004,-3.233947,-3.036632,-3.905359,0,0,0,0,0,0,0,0,0,0,0,1,0,0,0,0,0
NM,NM,2011,-3.074795,-3.12984,-2.478831,-3.806567,0,0,0,0,0,0,0,0,0,0,0,0,1,0,0,0,0
NM,NM,2012,-3.126622,-3.174191,-2.453105,-4.049861,0,0,0,0,0,0,0,0,0,0,0,0,0,1,0,0,0
NM,NM,2013,-3.012985,-3.047763,-2.441593,-4.113262,0,0,0,0,0,0,0,0,0,0,0,0,0,0,1,0,0
NM,NM,2014,-2.99935,-3.027563,-2.3427,-4.253972,0,0,0,0,0,0,0,0,0,0,0,0,0,0,0,1,0
NM,NM,2015,-3.140263,-3.179773,-2.51579,-4.361652,0,0,0,0,0,0,0,0,0,0,0,0,0,0,0,0,1
NV,NV,2006,-1.372472,-1.642226,-3.941319,-3.961672,0,0,0,0,0,0,0,1,0,0,0,0,0,0,0,0,0
NV,NV,2007,-1.264589,-1.483074,-3.463324,-3.46685,0,0,0,0,0,0,0,0,1,0,0,0,0,0,0,0,0
NV,NV,2008,-1.176024,-1.406031,-2.968254,-3.550911,0,0,0,0,0,0,0,0,0,1,0,0,0,0,0,0,0
NV,NV,2009,-1.127957,-1.346194,-2.677136,-3.93074,0,0,0,0,0,0,0,0,0,0,1,0,0,0,0,0,0
NV,NV,2010,-1.003288,-1.195562,-2.372267,-3.520458,0,0,0,0,0,0,0,0,0,0,0,1,0,0,0,0,0
NV,NV,2011,-0.8722101,-1.019262,-2.556688,-3.567471,0,0,0,0,0,0,0,0,0,0,0,0,1,0,0,0,0
NV,NV,2012,-0.8165907,-0.9451912,-2.029108,-3.608473,0,0,0,0,0,0,0,0,0,0,0,0,0,1,0,0,0
NV,NV,2013,-0.7022166,-0.7975205,-1.770897,-3.169039,0,0,0,0,0,0,0,0,0,0,0,0,0,0,1,0,0
NV,NV,2014,-0.6314154,-0.7058687,-1.172471,-3.379399,0,0,0,0,0,0,0,0,0,0,0,0,0,0,0,1,0
NV,NV,2015,-0.7580624,-0.8298098,-0.9835021,-3.260447,0,0,0,0,0,0,0,0,0,0,0,0,0,0,0,0,1
NY,NY,2006,-0.6994938,-1.122263,-1.584622,-2.316149,0,0,0,0,0,0,0,1,0,0,0,0,0,0,0,0,0
NY,NY,2007,-0.6346995,-1.0446,-1.48293,-1.971598,0,0,0,0,0,0,0,0,1,0,0,0,0,0,0,0,0
NY,NY,2008,-0.5842876,-0.9806576,-1.202615,-1.984224,0,0,0,0,0,0,0,0,0,1,0,0,0,0,0,0,0
NY,NY,2009,-0.5155341,-0.9066213,-1.184293,-2.029471,0,0,0,0,0,0,0,0,0,0,1,0,0,0,0,0,0
NY,NY,2010,-0.4445257,-0.8246377,-1.127629,-1.732912,0,0,0,0,0,0,0,0,0,0,0,1,0,0,0,0,0
NY,NY,2011,-0.3717622,-0.7146588,-1.075943,-1.859738,0,0,0,0,0,0,0,0,0,0,0,0,1,0,0,0,0
NY,NY,2012,-0.2779426,-0.584741,-1.095263,-1.71756,0,0,0,0,0,0,0,0,0,0,0,0,0,1,0,0,0
NY,NY,2013,-0.1928327,-0.4723161,-1.027305,-1.977536,0,0,0,0,0,0,0,0,0,0,0,0,0,0,1,0,0
NY,NY,2014,-0.1654399,-0.4176624,-0.9630184,-1.718073,0,0,0,0,0,0,0,0,0,0,0,0,0,0,0,1,0
NY,NY,2015,-0.3070205,-0.5489103,-0.956789,-1.853927,0,0,0,0,0,0,0,0,0,0,0,0,0,0,0,0,1
OH,OH,2006,-2.572968,-3.210377,-2.84192,-3.180122,0,0,0,0,0,0,0,1,0,0,0,0,0,0,0,0,0
OH,OH,2007,-2.536807,-3.177384,-2.740731,-2.927024,0,0,0,0,0,0,0,0,1,0,0,0,0,0,0,0,0
OH,OH,2008,-2.515109,-3.125536,-2.570975,-3.066743,0,0,0,0,0,0,0,0,0,1,0,0,0,0,0,0,0
OH,OH,2009,-2.51034,-3.076739,-2.619452,-2.969656,0,0,0,0,0,0,0,0,0,0,1,0,0,0,0,0,0
OH,OH,2010,-2.537144,-3.08479,-2.54705,-2.839583,0,0,0,0,0,0,0,0,0,0,0,1,0,0,0,0,0
OH,OH,2011,-2.485727,-3.021979,-2.445333,-2.50037,0,0,0,0,0,0,0,0,0,0,0,0,1,0,0,0,0
OH,OH,2012,-2.48541,-3.003778,-2.40696,-2.189804,0,0,0,0,0,0,0,0,0,0,0,0,0,1,0,0,0
OH,OH,2013,-2.501745,-2.969425,-2.316841,-1.850677,0,0,0,0,0,0,0,0,0,0,0,0,0,0,1,0,0
OH,OH,2014,-2.514117,-2.936047,-2.308218,-1.588807,0,0,0,0,0,0,0,0,0,0,0,0,0,0,0,1,0
OH,OH,2015,-2.671425,-3.08807,-2.368874,-1.651192,0,0,0,0,0,0,0,0,0,0,0,0,0,0,0,0,1
OK,OK,2006,-4.494093,-4.99252,-4.051532,-4.928882,0,0,0,0,0,0,0,1,0,0,0,0,0,0,0,0,0
OK,OK,2007,-4.56204,-5.049626,-3.678413,-4.504362,0,0,0,0,0,0,0,0,1,0,0,0,0,0,0,0,0
OK,OK,2008,-4.552965,-4.935323,-3.590981,-4.354181,0,0,0,0,0,0,0,0,0,1,0,0,0,0,0,0,0
OK,OK,2009,-4.569193,-4.904636,-3.51717,-4.510803,0,0,0,0,0,0,0,0,0,0,1,0,0,0,0,0,0
OK,OK,2010,-4.470131,-4.762393,-3.228047,-3.796665,0,0,0,0,0,0,0,0,0,0,0,1,0,0,0,0,0
OK,OK,2011,-4.435892,-4.756111,-3.169935,-3.536127,0,0,0,0,0,0,0,0,0,0,0,0,1,0,0,0,0
OK,OK,2012,-4.294713,-4.570646,-3.190678,-4.043544,0,0,0,0,0,0,0,0,0,0,0,0,0,1,0,0,0
OK,OK,2013,-4.163941,-4.391054,-3.336993,-3.408646,0,0,0,0,0,0,0,0,0,0,0,0,0,0,1,0,0
OK,OK,2014,-4.095742,-4.292295,-3.33834,-3.848792,0,0,0,0,0,0,0,0,0,0,0,0,0,0,0,1,0
OK,OK,2015,-4.198491,-4.380713,-3.555485,-4.345051,0,0,0,0,0,0,0,0,0,0,0,0,0,0,0,0,1
OR,OR,2006,-2.133786,-2.654197,-2.67878,-1.103325,0,0,0,0,0,0,0,1,0,0,0,0,0,0,0,0,0
OR,OR,2007,-2.041708,-2.550753,-2.455065,-0.7231188,0,0,0,0,0,0,0,0,1,0,0,0,0,0,0,0,0
OR,OR,2008,-1.986615,-2.502084,-2.483521,-0.4991848,0,0,0,0,0,0,0,0,0,1,0,0,0,0,0,0,0
OR,OR,2009,-1.966859,-2.470442,-2.543089,-0.7786973,0,0,0,0,0,0,0,0,0,0,1,0,0,0,0,0,0
OR,OR,2010,-1.909682,-2.40125,-2.327255,-0.6904666,0,0,0,0,0,0,0,0,0,0,0,1,0,0,0,0,0
OR,OR,2011,-1.838343,-2.309025,-2.156163,-0.436922,0,0,0,0,0,0,0,0,0,0,0,0,1,0,0,0,0
OR,OR,2012,-1.765651,-2.258493,-2.005138,-0.5440288,0,0,0,0,0,0,0,0,0,0,0,0,0,1,0,0,0
OR,OR,2013,-1.693892,-2.187088,-1.958483,-0.5927375,0,0,0,0,0,0,0,0,0,0,0,0,0,0,1,0,0
OR,OR,2014,-1.675337,-2.134133,-1.934985,-0.5369803,0,0,0,0,0,0,0,0,0,0,0,0,0,0,0,1,0
OR,OR,2015,-1.82664,-2.277263,-2.096012,-1.00667,0,0,0,0,0,0,0,0,0,0,0,0,0,0,0,0,1
PA,PA,2006,-1.757769,-2.330626,-1.867609,-2.855971,0,0,0,0,0,0,0,1,0,0,0,0,0,0,0,0,0
PA,PA,2007,-1.694176,-2.321967,-1.676689,-2.746511,0,0,0,0,0,0,0,0,1,0,0,0,0,0,0,0,0
PA,PA,2008,-1.694789,-2.321975,-1.587395,-2.744629,0,0,0,0,0,0,0,0,0,1,0,0,0,0,0,0,0
PA,PA,2009,-1.672019,-2.252666,-1.545605,-2.81545,0,0,0,0,0,0,0,0,0,0,1,0,0,0,0,0,0
PA,PA,2010,-1.671165,-2.227694,-1.38945,-2.666444,0,0,0,0,0,0,0,0,0,0,0,1,0,0,0,0,0
PA,PA,2011,-1.689501,-2.224744,-1.278114,-2.576573,0,0,0,0,0,0,0,0,0,0,0,0,1,0,0,0,0
PA,PA,2012,-1.676205,-2.168559,-1.171442,-2.763943,0,0,0,0,0,0,0,0,0,0,0,0,0,1,0,0,0
PA,PA,2013,-1.603547,-2.031507,-1.145558,-2.942327,0,0,0,0,0,0,0,0,0,0,0,0,0,0,1,0,0
PA,PA,2014,-1.591934,-2.005482,-1.069842,-2.999623,0,0,0,0,0,0,0,0,0,0,0,0,0,0,0,1,0
PA,PA,2015,-1.762265,-2.167897,-1.060567,-3.160088,0,0,0,0,0,0,0,0,0,0,0,0,0,0,0,0,1
RI,RI,2006,1.455273,0.9727524,-0.8750393,0.5607275,0,0,0,0,0,0,0,1,0,0,0,0,0,0,0,0,0
RI,RI,2007,1.490851,1.086983,-1.452132,0.2382946,0,0,0,0,0,0,0,0,1,0,0,0,0,0,0,0,0
RI,RI,2008,1.514197,1.163587,-1.087538,0.3960584,0,0,0,0,0,0,0,0,0,1,0,0,0,0,0,0,0
RI,RI,2009,1.633432,1.200295,-0.9277132,0.3600281,0,0,0,0,0,0,0,0,0,0,1,0,0,0,0,0,0
RI,RI,2010,1.657666,1.275603,-1.155703,0.3222955,0,0,0,0,0,0,0,0,0,0,0,1,0,0,0,0,0
RI,RI,2011,1.673288,1.300181,-0.3384374,0.3506145,0,0,0,0,0,0,0,0,0,0,0,0,1,0,0,0,0
RI,RI,2012,1.804794,1.377334,-0.0749134,0.2362849,0,0,0,0,0,0,0,0,0,0,0,0,0,1,0,0,0
RI,RI,2013,1.760279,1.299193,-0.2380251,0.4548636,0,0,0,0,0,0,0,0,0,0,0,0,0,0,1,0,0
RI,RI,2014,1.914799,1.559592,-0.2440032,0.6367058,0,0,0,0,0,0,0,0,0,0,0,0,0,0,0,1,0
RI,RI,2015,1.802901,1.481492,-0.1667578,0.5863363,0,0,0,0,0,0,0,0,0,0,0,0,0,0,0,0,1
SC,SC,2006,-2.818833,-3.183782,-2.104644,-2.02974,0,0,0,0,0,0,0,1,0,0,0,0,0,0,0,0,0
SC,SC,2007,-2.64104,-3.141485,-2.005321,-2.632897,0,0,0,0,0,0,0,0,1,0,0,0,0,0,0,0,0
SC,SC,2008,-2.524098,-3.044488,-1.842784,-2.847333,0,0,0,0,0,0,0,0,0,1,0,0,0,0,0,0,0
SC,SC,2009,-2.357348,-2.911536,-2.211065,-2.765082,0,0,0,0,0,0,0,0,0,0,1,0,0,0,0,0,0
SC,SC,2010,-2.253271,-2.73301,-1.811577,-2.174532,0,0,0,0,0,0,0,0,0,0,0,1,0,0,0,0,0
SC,SC,2011,-2.125557,-2.520778,-1.271501,-2.053651,0,0,0,0,0,0,0,0,0,0,0,0,1,0,0,0,0
SC,SC,2012,-2.042932,-2.361524,-1.115687,-1.829937,0,0,0,0,0,0,0,0,0,0,0,0,0,1,0,0,0
SC,SC,2013,-1.921288,-2.172682,-0.8398644,-1.901475,0,0,0,0,0,0,0,0,0,0,0,0,0,0,1,0,0
SC,SC,2014,-1.96937,-2.191371,-0.7041058,-1.890127,0,0,0,0,0,0,0,0,0,0,0,0,0,0,0,1,0
SC,SC,2015,-2.098611,-2.308359,-0.7387507,-2.023685,0,0,0,0,0,0,0,0,0,0,0,0,0,0,0,0,1
SD,SD,2006,-5.419208,-6.019085,-4.187572,-7.495257,0,0,0,0,0,0,0,1,0,0,0,0,0,0,0,0,0
SD,SD,2007,-5.427566,-5.962393,-3.884041,-5.493459,0,0,0,0,0,0,0,0,1,0,0,0,0,0,0,0,0
SD,SD,2008,-5.420391,-5.93493,-4.005673,-5.802067,0,0,0,0,0,0,0,0,0,1,0,0,0,0,0,0,0
SD,SD,2009,-5.423696,-5.819541,-4.117135,-6.083941,0,0,0,0,0,0,0,0,0,0,1,0,0,0,0,0,0
SD,SD,2010,-5.510517,-5.888429,-3.807319,-5.954311,0,0,0,0,0,0,0,0,0,0,0,1,0,0,0,0,0
SD,SD,2011,-5.478136,-5.813488,-3.639752,-6.34382,0,0,0,0,0,0,0,0,0,0,0,0,1,0,0,0,0
SD,SD,2012,-5.555009,-5.841822,-3.630526,-6.490613,0,0,0,0,0,0,0,0,0,0,0,0,0,1,0,0,0
SD,SD,2013,-5.590497,-5.844064,-3.591578,-5.736905,0,0,0,0,0,0,0,0,0,0,0,0,0,0,1,0,0
SD,SD,2014,-5.648668,-5.862415,-3.57252,-5.771544,0,0,0,0,0,0,0,0,0,0,0,0,0,0,0,1,0
SD,SD,2015,-5.783067,-5.979679,-3.85001,-5.99628,0,0,0,0,0,0,0,0,0,0,0,0,0,0,0,0,1
TN,TN,2006,-3.072431,-3.554128,-2.965968,-1.307701,0,0,0,0,0,0,0,1,0,0,0,0,0,0,0,0,0
TN,TN,2007,-3.054129,-3.473591,-2.49333,-2.189954,0,0,0,0,0,0,0,0,1,0,0,0,0,0,0,0,0
TN,TN,2008,-2.972553,-3.332475,-2.227611,-1.862418,0,0,0,0,0,0,0,0,0,1,0,0,0,0,0,0,0
TN,TN,2009,-2.890471,-3.236349,-2.224898,-2.046806,0,0,0,0,0,0,0,0,0,0,1,0,0,0,0,0,0
TN,TN,2010,-2.768699,-3.069457,-2.035898,-1.494014,0,0,0,0,0,0,0,0,0,0,0,1,0,0,0,0,0
TN,TN,2011,-2.689101,-3.009134,-1.755164,-1.379279,0,0,0,0,0,0,0,0,0,0,0,0,1,0,0,0,0
TN,TN,2012,-2.667737,-2.998829,-1.773646,-1.558998,0,0,0,0,0,0,0,0,0,0,0,0,0,1,0,0,0
TN,TN,2013,-2.502753,-2.845211,-1.728865,-1.726314,0,0,0,0,0,0,0,0,0,0,0,0,0,0,1,0,0
TN,TN,2014,-2.40802,-2.7061,-1.851557,-1.994439,0,0,0,0,0,0,0,0,0,0,0,0,0,0,0,1,0
TN,TN,2015,-2.494923,-2.778973,-2.167009,-1.707437,0,0,0,0,0,0,0,0,0,0,0,0,0,0,0,0,1
TX,TX,2006,-3.083054,-3.725546,-2.299582,-2.326313,0,0,0,0,0,0,0,1,0,0,0,0,0,0,0,0,0
TX,TX,2007,-2.996834,-3.634955,-2.168724,-1.92925,0,0,0,0,0,0,0,0,1,0,0,0,0,0,0,0,0
TX,TX,2008,-2.93973,-3.551587,-1.973117,-1.602949,0,0,0,0,0,0,0,0,0,1,0,0,0,0,0,0,0
TX,TX,2009,-2.858969,-3.485522,-2.170968,-2.02356,0,0,0,0,0,0,0,0,0,0,1,0,0,0,0,0,0
TX,TX,2010,-2.739078,-3.338403,-1.959863,-1.619336,0,0,0,0,0,0,0,0,0,0,0,1,0,0,0,0,0
TX,TX,2011,-2.645665,-3.207967,-1.710328,-1.269027,0,0,0,0,0,0,0,0,0,0,0,0,1,0,0,0,0
TX,TX,2012,-2.537864,-3.066182,-1.689499,-1.853238,0,0,0,0,0,0,0,0,0,0,0,0,0,1,0,0,0
TX,TX,2013,-2.448599,-2.922507,-1.616087,-1.643042,0,0,0,0,0,0,0,0,0,0,0,0,0,0,1,0,0
TX,TX,2014,-2.415293,-2.842167,-1.521868,-1.684927,0,0,0,0,0,0,0,0,0,0,0,0,0,0,0,1,0
TX,TX,2015,-2.53629,-2.951405,-1.629531,-1.796127,0,0,0,0,0,0,0,0,0,0,0,0,0,0,0,0,1
UT,UT,2006,-2.038549,-2.224224,-1.480142,-4.454175,0,0,0,0,0,0,0,1,0,0,0,0,0,0,0,0,0
UT,UT,2007,-2.01625,-2.199555,-1.352463,-4.35086,0,0,0,0,0,0,0,0,1,0,0,0,0,0,0,0,0
UT,UT,2008,-1.999131,-2.187555,-1.155051,-3.837284,0,0,0,0,0,0,0,0,0,1,0,0,0,0,0,0,0
UT,UT,2009,-1.937755,-2.11197,-1.135549,-3.247242,0,0,0,0,0,0,0,0,0,0,1,0,0,0,0,0,0
UT,UT,2010,-1.814922,-1.98112,-0.9467692,-3.855871,0,0,0,0,0,0,0,0,0,0,0,1,0,0,0,0,0
UT,UT,2011,-1.682905,-1.842808,-0.8477306,-3.638418,0,0,0,0,0,0,0,0,0,0,0,0,1,0,0,0,0
UT,UT,2012,-1.55984,-1.721014,-0.6017385,-2.954838,0,0,0,0,0,0,0,0,0,0,0,0,0,1,0,0,0
UT,UT,2013,-1.530272,-1.694078,-0.4121702,-3.004735,0,0,0,0,0,0,0,0,0,0,0,0,0,0,1,0,0
UT,UT,2014,-1.462533,-1.646049,-0.3498898,-2.750378,0,0,0,0,0,0,0,0,0,0,0,0,0,0,0,1,0
UT,UT,2015,-1.570178,-1.768369,-0.3758468,-2.517464,0,0,0,0,0,0,0,0,0,0,0,0,0,0,0,0,1
VA,VA,2006,-1.846151,-2.527553,-2.088469,-1.472742,0,0,0,0,0,0,0,1,0,0,0,0,0,0,0,0,0
VA,VA,2007,-1.753967,-2.425796,-1.711425,-1.1435,0,0,0,0,0,0,0,0,1,0,0,0,0,0,0,0,0
VA,VA,2008,-1.677433,-2.352085,-1.164344,-0.9783533,0,0,0,0,0,0,0,0,0,1,0,0,0,0,0,0,0
VA,VA,2009,-1.630915,-2.206283,-1.274528,-0.7539451,0,0,0,0,0,0,0,0,0,0,1,0,0,0,0,0,0
VA,VA,2010,-1.526774,-2.045976,-1.111727,-0.8756869,0,0,0,0,0,0,0,0,0,0,0,1,0,0,0,0,0
VA,VA,2011,-1.425062,-1.900581,-0.8441212,-0.8689703,0,0,0,0,0,0,0,0,0,0,0,0,1,0,0,0,0
VA,VA,2012,-1.271612,-1.712487,-0.7313201,-0.7071044,0,0,0,0,0,0,0,0,0,0,0,0,0,1,0,0,0
VA,VA,2013,-1.165325,-1.591451,-0.6615165,-0.4769475,0,0,0,0,0,0,0,0,0,0,0,0,0,0,1,0,0
VA,VA,2014,-1.112698,-1.489891,-0.4162515,-0.3624607,0,0,0,0,0,0,0,0,0,0,0,0,0,0,0,1,0
VA,VA,2015,-1.186996,-1.546959,-0.2512041,-0.4599493,0,0,0,0,0,0,0,0,0,0,0,0,0,0,0,0,1
VT,VT,2006,-1.292078,-1.845621,-1.958509,-2.57665,0,0,0,0,0,0,0,1,0,0,0,0,0,0,0,0,0
VT,VT,2007,-1.271919,-1.732714,-1.692434,-2.474054,0,0,0,0,0,0,0,0,1,0,0,0,0,0,0,0,0
VT,VT,2008,-1.160513,-1.624989,-1.545028,-2.38114,0,0,0,0,0,0,0,0,0,1,0,0,0,0,0,0,0
VT,VT,2009,-1.077197,-1.541634,-1.624249,-2.577513,0,0,0,0,0,0,0,0,0,0,1,0,0,0,0,0,0
VT,VT,2010,-0.9507236,-1.37745,-1.448104,-2.519623,0,0,0,0,0,0,0,0,0,0,0,1,0,0,0,0,0
VT,VT,2011,-0.830786,-1.193424,-1.058661,-2.532688,0,0,0,0,0,0,0,0,0,0,0,0,1,0,0,0,0
VT,VT,2012,-0.7046544,-1.122362,-0.7776626,-2.524452,0,0,0,0,0,0,0,0,0,0,0,0,0,1,0,0,0
VT,VT,2013,-0.6990396,-1.10094,-0.6772979,-2.435591,0,0,0,0,0,0,0,0,0,0,0,0,0,0,1,0,0
VT,VT,2014,-0.6102731,-0.9660957,-0.5825549,-2.286701,0,0,0,0,0,0,0,0,0,0,0,0,0,0,0,1,0
VT,VT,2015,-0.720259,-1.072509,-0.4496398,-2.35635,0,0,0,0,0,0,0,0,0,0,0,0,0,0,0,0,1
WA,WA,2006,-2.211692,-2.554778,-1.527327,-0.2314336,0,0,0,0,0,0,0,1,0,0,0,0,0,0,0,0,0
WA,WA,2007,-2.181943,-2.494354,-1.235155,0.0699369,0,0,0,0,0,0,0,0,1,0,0,0,0,0,0,0,0
WA,WA,2008,-2.196153,-2.507288,-1.001288,0.5618613,0,0,0,0,0,0,0,0,0,1,0,0,0,0,0,0,0
WA,WA,2009,-2.224327,-2.549677,-1.146963,0.2093455,0,0,0,0,0,0,0,0,0,0,1,0,0,0,0,0,0
WA,WA,2010,-2.207173,-2.545068,-0.9691306,0.3878545,0,0,0,0,0,0,0,0,0,0,0,1,0,0,0,0,0
WA,WA,2011,-2.1497,-2.475852,-0.95228,0.5918428,0,0,0,0,0,0,0,0,0,0,0,0,1,0,0,0,0
WA,WA,2012,-2.079879,-2.399431,-0.8233814,0.6276478,0,0,0,0,0,0,0,0,0,0,0,0,0,1,0,0,0
WA,WA,2013,-2.036078,-2.372978,-0.784469,0.5392457,0,0,0,0,0,0,0,0,0,0,0,0,0,0,1,0,0
WA,WA,2014,-2.028159,-2.336784,-0.7775695,0.6021702,0,0,0,0,0,0,0,0,0,0,0,0,0,0,0,1,0
WA,WA,2015,-2.198185,-2.50375,-0.842454,0.4029367,0,0,0,0,0,0,0,0,0,0,0,0,0,0,0,0,1
WI,WI,2006,-2.811348,-3.369457,-2.598319,-2.982245,0,0,0,0,0,0,0,1,0,0,0,0,0,0,0,0,0
WI,WI,2007,-2.781069,-3.335954,-2.252979,-2.536913,0,0,0,0,0,0,0,0,1,0,0,0,0,0,0,0,0
WI,WI,2008,-2.707559,-3.291016,-2.085709,-3.000625,0,0,0,0,0,0,0,0,0,1,0,0,0,0,0,0,0
WI,WI,2009,-2.705874,-3.263887,-2.20297,-3.063053,0,0,0,0,0,0,0,0,0,0,1,0,0,0,0,0,0
WI,WI,2010,-2.694629,-3.221956,-2.025164,-2.482754,0,0,0,0,0,0,0,0,0,0,0,1,0,0,0,0,0
WI,WI,2011,-2.660892,-3.164478,-1.842634,-2.605227,0,0,0,0,0,0,0,0,0,0,0,0,1,0,0,0,0
WI,WI,2012,-2.630308,-3.10347,-1.769202,-2.811901,0,0,0,0,0,0,0,0,0,0,0,0,0,1,0,0,0
WI,WI,2013,-2.586661,-3.023083,-1.639018,-2.69764,0,0,0,0,0,0,0,0,0,0,0,0,0,0,1,0,0
WI,WI,2014,-2.593056,-2.99704,-1.541595,-2.469453,0,0,0,0,0,0,0,0,0,0,0,0,0,0,0,1,0
WI,WI,2015,-2.726855,-3.133419,-1.661833,-2.643185,0,0,0,0,0,0,0,0,0,0,0,0,0,0,0,0,1
WV,WV,2006,-3.566253,-4.010424,-4.508804,-4.096074,0,0,0,0,0,0,0,1,0,0,0,0,0,0,0,0,0
WV,WV,2007,-3.355964,-3.725948,-4.343452,-3.467014,0,0,0,0,0,0,0,0,1,0,0,0,0,0,0,0,0
WV,WV,2008,-3.304915,-3.636568,-4.210319,-3.403547,0,0,0,0,0,0,0,0,0,1,0,0,0,0,0,0,0
WV,WV,2009,-3.155542,-3.426604,-4.471094,-3.840875,0,0,0,0,0,0,0,0,0,0,1,0,0,0,0,0,0
WV,WV,2010,-3.021582,-3.185815,-3.4837,-3.519014,0,0,0,0,0,0,0,0,0,0,0,1,0,0,0,0,0
WV,WV,2011,-2.950017,-3.080307,-3.571145,-3.402247,0,0,0,0,0,0,0,0,0,0,0,0,1,0,0,0,0
WV,WV,2012,-2.89816,-3.004842,-3.992893,-3.778786,0,0,0,0,0,0,0,0,0,0,0,0,0,1,0,0,0
WV,WV,2013,-2.694664,-2.770055,-4.014338,-3.67929,0,0,0,0,0,0,0,0,0,0,0,0,0,0,1,0,0
WV,WV,2014,-2.534699,-2.591248,-4.167774,-3.077812,0,0,0,0,0,0,0,0,0,0,0,0,0,0,0,1,0
WV,WV,2015,-2.610793,-2.66563,-4.988162,-2.985902,0,0,0,0,0,0,0,0,0,0,0,0,0,0,0,0,1
WY,WY,2006,-4.079989,-4.828115,-6.900072,-5.823982,0,0,0,0,0,0,0,1,0,0,0,0,0,0,0,0,0
WY,WY,2007,-4.073782,-4.758961,-6.05159,-5.555471,0,0,0,0,0,0,0,0,1,0,0,0,0,0,0,0,0
WY,WY,2008,-3.749228,-4.457913,-5.928446,-5.430255,0,0,0,0,0,0,0,0,0,1,0,0,0,0,0,0,0
WY,WY,2009,-3.703079,-4.236173,-6.918811,-5.489779,0,0,0,0,0,0,0,0,0,0,1,0,0,0,0,0,0
WY,WY,2010,-3.7144,-4.19261,-6.784453,-5.628887,0,0,0,0,0,0,0,0,0,0,0,1,0,0,0,0,0
WY,WY,2011,-3.575555,-3.94015,-5.648568,-5.387902,0,0,0,0,0,0,0,0,0,0,0,0,1,0,0,0,0
WY,WY,2012,-3.467409,-3.765192,-5.388716,-4.880618,0,0,0,0,0,0,0,0,0,0,0,0,0,1,0,0,0
WY,WY,2013,-3.320288,-3.535456,-5.955907,-5.381181,0,0,0,0,0,0,0,0,0,0,0,0,0,0,1,0,0
WY,WY,2014,-3.236602,-3.40654,-5.473633,-5.231641,0,0,0,0,0,0,0,0,0,0,0,0,0,0,0,1,0
WY,WY,2015,-3.287741,-3.445272,-5.836905,-5.83073,0,0,0,0,0,0,0,0,0,0,0,0,0,0,0,0,1
